ID,Name,Category
1wDzqILzu2DZVzjSAGFZHZB7QKXj1WBRF	1 Tahun 2026.pdf	Other
1Gkv7YHNTbmgC9sm2yi9VmNLzw9LYQBvw	2 Tahun 2026.pdf	Other
1hSn56pA6eoHxzuFCRWGHc8Fdq97aZqlv	2.1 Lampiran I.A PP Nomor 28 Tahun 2025 (I.A.1-364) (1).pdf	KBLI / Industry
1C-49d21HXVNMlkn6VGbbwemKhtfmPdkZ	2.1 Lampiran I.A PP Nomor 28 Tahun 2025 (I.A.1-364) (3).pdf	KBLI / Industry
1G1c5kgh9jTe_LEXPmUJK5KLLD5q3pp3p	2.10 Lampiran I.J sd. I.P PP Nomor 28 Tahun 2025.pdf	KBLI / Industry
1xDHz18stc9NDtrAqrL91mKzqv-GxYcNg	2.11 Lampiran I.Q sd. I.V PP Nomor 28 Tahun 2025.pdf	KBLI / Industry
1MUrxDeSp_JLg1pJOd6o9-rOZchfFtzkP	2.2 Lampiran I.B PP Nomor 28 Tahun 2025 (I.B.1-810) (1).pdf	KBLI / Industry
1Xrn7OwgTdcOwTaeZzSUswDfl0HHz95m6	2.2 Lampiran I.B PP Nomor 28 Tahun 2025 (I.B.1-810) (3).pdf	KBLI / Industry
1YSxxEZBvONAJa-3PQf5Ho03ctzNOxME4	2.3 Lampiran I.C PP Nomor 28 Tahun 2025 (I.C.1-182) (1).pdf	KBLI / Industry
10WHne5jk8fyoUqDc4ML2M7PMu7J_Z0uG	2.4 Lampiran I.D PP Nomor 28 Tahun 2025 (I.D.1-1056) (1).pdf	KBLI / Industry
1y8DXkNmwrsetvyRxOfu6yJ1vaSp6raiN	2.4 Lampiran I.D PP Nomor 28 Tahun 2025 (I.D.1-1056) (3).pdf	KBLI / Industry
1WbVvpU3FemJhHz0eCXUTXZnYGjok6CoX	2.5 Lampiran I.E PP Nomor 28 Tahun 2025 (I.E.1-189) (1).pdf	KBLI / Industry
1jqJaiOdsDO_bCZKVoe0xwUsQFOKB5tzz	2.5 Lampiran I.E PP Nomor 28 Tahun 2025 (I.E.1-189) (3).pdf	KBLI / Industry
1t1PmBoMiWmczh_HCOUHiKLFNc4IMUUpW	2.6a Lampiran I.F PP Nomor 28 Tahun 2025 (I.F.1-700) (1).pdf	KBLI / Industry
1QgF7GJcV6R_Te09-0Xstkgb51hS9YNZu	2.6a Lampiran I.F PP Nomor 28 Tahun 2025 (I.F.1-700).pdf	KBLI / Industry
1LPea2Yadcb7xNeSZwoqUQpBQ3_B2_gmC	2.6b Lampiran I.F PP Nomor  28 Tahun 2025 (I.F.701-1400) (1).pdf	KBLI / Industry
1KjJNVquCluRvtswRgI5KhyfklwUL8xi2	2.6b Lampiran I.F PP Nomor  28 Tahun 2025 (I.F.701-1400).pdf	KBLI / Industry
1rsy6pIxQHkv6rYXtur6YfFHarLlUHQvA	2.6c Lampiran I.F PP Nomor  28 Tahun 2025 (I.F.1401-2125) (1).pdf	KBLI / Industry
1eJAmudQJGZniKTIILFGJXbj9STlLgwM5	2.6c Lampiran I.F PP Nomor  28 Tahun 2025 (I.F.1401-2125).pdf	KBLI / Industry
1D2cSmpU1aP3eWervdFublzk5EBpaz7W0	2.6d Lampiran I.F PP Nomor 28 Tahun 2025 (I.F.2126-2922) (1).pdf	KBLI / Industry
1rrVRQLpsHgdlsoCDRmAFmMBtchEwTWCL	2.6d Lampiran I.F PP Nomor 28 Tahun 2025 (I.F.2126-2922).pdf	KBLI / Industry
1SQPiTvpHjm9l1IVmsSE_Stoq5ua2pBuS	2.6e. Lampiran I.F PP Nomor 28 Tahun 2025 (I.F.2923-3680).pdf	KBLI / Industry
1k2i6pNAA0pjFff495FyPmncZGi-I_nJP	2.6f Lampiran I.F PP Nomor 28 Tahun 2025 (I.F.3681-4500).pdf	KBLI / Industry
1b5xHdvzSkXMaCnGVEtqh9Bws0EuaqAHn	2.6g Lampiran I.F PP Nomor 28 Tahun 2025 (I.F.4501-5248).pdf	KBLI / Industry
1DkQKz5J9Mmh1dnbd6saUcOMHIXfzg4-4	2.6h Lampiran I.F PP Nomor 28 Tahun 2025 (I.F.5249-11000).pdf	KBLI / Industry
1FCYQOB4wDMD480Y9arnbW3hMkEwnFweh	2.7 Lampiran I.G PP Nomor 28 Tahun 2025 (I.G.1-341).pdf	KBLI / Industry
1-juSRaS6SgwT4zpupfkE3peQODxWMo3U	2.8 Lampiran I.H PP Nomor 28 Tahun 2025 (I.H.1-515).pdf	KBLI / Industry
1Cq0bJ974PA17eBUvGYlV4dUy-LVJaDrv	2.9 Lampiran I.I PP Nomor 28 Tahun 2025 (I.I.1-411).pdf	KBLI / Industry
1F91zZ7gHvPB0-x_1Twd2G-2x5y3Y35qJ	2023pmkeuangan066.pdf	Tax
1LgbD0RDa-VAVkvwZxCsiHnzymaMFpMlu	2025Permeninvesthil005-.pdf	Other
1GptancP3GbljvedEKKFMsgYtVGVDMtd-	2025pp28..pdf	Other
1AfuetUyi7LOASccXKofHXK5qNW6qTMxZ	2026pmnaker002.pdf	Immigration
1X28iVFJAOzZ_KsmdqZGNuoNKlomHUUWk	2026pmppn001.pdf	Other
1zCm81tel-iSxMiX3LaxuTndF6ub_x-jf	68_PMK.03_2022.pdf	Tax
1eK7_uYnqF4F57VSW8jXXZWQXfKajyb5R	Administrasi Pemerintahan.pdf	Other
15Nl6tVoj2aV3MuAV6dBcSmXVhnZk1PdR	Akses Informasi Keuangan Untuk Kepentingan Perpajakan.pdf	Other
1EH_0mkuEj5ZSe5mHqjUtUK7AwSoQ-9cO	Akses Informasi Keuangan Untuk Kepentingan Perpajakan.pdf	Other
1ZgCJb-8DYllExV5TalXNhlt4tibSFp5i	Anggaran Pendapatan dan Belanja Negara Tahun 2022.pdf	Budget
18cR9l1rZFqdvlzWOkElGFXXypTSBUYVl	Anggaran Pendapatan dan Belanja Negara Tahun 2022.pdf	Budget
1qhBimdV8OUSxNLoBAiTDMUmKepNekQg1	Anggaran Pendapatan dan Belanja Negara Tahun Anggaran 2001.pdf	Budget
1QgVxip3vvNr0pLpV9IaGZxatqneBjwbA	Anggaran Pendapatan Dan Belanja Negara Tahun Anggaran 2003.pdf	Budget
1h7kaSJti9KP3Oi15ealTZtvv0ZFg3xHY	Anggaran Pendapatan Dan Belanja Negara Tahun Anggaran 2004.pdf	Budget
1ypgZhI7dSthD75qeFYR1t5LUEVUG8hxv	Anggaran Pendapatan dan Belanja Negara Tahun Anggaran 2005.pdf	Budget
1hzYrzhOLzXxamcT0JKTDjaiSkLfWFk-u	Anggaran Pendapatan dan Belanja Negara Tahun Anggaran 2009.pdf	Budget
1w3ZUGZnt5DukXLIPoM1lwHA42nFc908M	Anggaran Pendapatan dan Belanja Negara Tahun Anggaran 2010.pdf	Budget
1sp-QnqHa2Ga31fWgW5WQFsBztOcGJhXo	Anggaran Pendapatan dan Belanja Negara Tahun Anggaran 2013.pdf	Budget
1sY_bSFzF-a3-xUAYWttrxuYN8ov8fpe3	Anggaran Pendapatan Dan Belanja Negara Tahun Anggaran 2015.pdf	Budget
1wKLRYIuaPoCFDu9b4ES7aOKVvd-kxMrY	Anggaran Pendapatan dan Belanja Negara Tahun Anggaran 2018.pdf	Budget
1FhaD1cy_irp36z2Bl7v5VkBSwNiDDTgg	Anggaran Pendapatan dan Belanja Negara Tahun Anggaran 2018.pdf	Budget
1_HfPXrQ-OS7oOgAzdn8owXVz6tAMGyfi	Anggaran Pendapatan dan Belanja Negara Tahun Anggaran 2025.pdf	Budget
1uIP0yFxG-gJK1Uftf6dkutcqt0qICVJ0	Anggaran Pendapatan dan Belanja Negara Tahun Anggaran 2025.pdf	Budget
1UIe7PjdiC73VmjoQbHm8EbjUUpmLN_WA	Aparatur Sipil Negara.pdf	Other
1VMY0cbcVZNkF14AuEyBUDPefNUe6EffI	Badan Usaha Milik Negara.pdf	Other
1Gyx3fh3d5dKopQm4malUU-ijLXXKtS41	badung_kuta_01_51A3_PP.pdf	Other
1nHUcLx35o05r_XuGUVEVlJC31kjH5VoM	badung_kuta_02_51A3_BA_Lampiran.pdf	Other
1TEOxSJJEt7h7QuarB0Xn73qV2MrVEtZQ	badung_kuta_selatan_01_51A1_PP.pdf	Other
12fPIu-aLC0yaVKMlxYJh6vLQBeBgB1qa	badung_kuta_selatan_02_51A1_BA_Lampiran.pdf	Other
1LL-YaZ4_os88cmQH7FlBIinqEcMRRbuJ	badung_kuta_utara_01_51A4_PP.pdf	Other
1lC6VNhNtOL56OreGINUb2jOcdbT4zk1P	badung_kuta_utara_02_51A4_BA_Lampiran.pdf	Other
1c-K-DifgBSY3wQWUSXZK37GdEu1tV49n	badung_mengwi_01_51A6_PP.pdf	Other
1tKiRMiqMNXnmMqVgZCJa4oIm5YoZJe5G	Beranda Subjek Jenis Tahun Glosarium Tematik Perwakilan.pdf	Other
1gGBV-HtHMPv7n4SWJ8cyvhu9vjoLKJmK	Beranda Subjek Jenis Tahun Glosarium Tematik Perwakilan.pdf	Other
1uQTlzvmmdUJSjE9n2jwQm-3vXSKeUYvE	Cipta Kerja.pdf	Other
1aFxcftSQZl3kiBbwIEEIWPCY7UBl5WXZ	Civil Code.pdf	Other
1Hw1KfSxLv2tUIQN3sraz-RnQD9RPQ1a0	Copy of UU-11-2020_20251122_163034_38bf40.pdf	Other
1M3RjxwEx55YbNXPPUj5RhfCtqFri4enY	Copy of UU-27-2022_20251122_163035_07f926.pdf	Other
1_UPlZVK7plP99swb2GA8-j7QL-gz4E7O	Copy of UU-42-2009_20251122_163034_b66d40.pdf	Other
13AdAR0JBHESF_0W5EPSE87Sc3vYVwQfD	Copy of UU-63-2024_20251122_163034_69f2f0.pdf	Other
1BmzcDh4xsgSVMEBRvGLhLOyTrsZTBcT_	Copy of UU_11_2020_Omnibus_Law_20251122_163034_f2e57f.pdf	Other
1RVRybAd8yiTkAjCo8GnrLvQHUYzW4_I0	Copy of UU_12_2012_Pendidikan_Tinggi_20251122_163034_760137.pdf	Other
13NgM3xXCuXrByRgj5Imafz0umfIY418w	Copy of UU_13_2003_Ketenagakerjaan_20251122_163034_5ff27c.pdf	Other
1hFIIpfIMGBWPIVD5V_aUuW58elAwPI94	Copy of UU_13_2003_Manpower_20251122_163034_aba4f9.pdf	Other
1k2ieQkZvcFQubIuHaI7ZaVb-mq-LSsNq	Copy of UU_17_2008_Pelayaran_20251122_163034_6aff88.pdf	Other
1Na58DGTsC-cHk1OioKRHSKKqNuF5dOqo	Copy of UU_17_2008_Shipping_20251122_163034_34831e.pdf	Other
1BLw63v2Mii7q8PUkz1OwGmJ_sy-oKfCP	Copy of UU_18_2008_Persampahan_20251122_163034_06aac1.pdf	Other
15OHZtrv7ZiunyNy1E60jXEAdFfqgdzZo	Copy of UU_19_2016_ITE_20251122_163034_f5277a.pdf	Other
1JFRuztLawfzK11IDfwAmBTFlXuQZ_mk2	Copy of UU_1_2022_Relations_Central_Regional_20251122_163034_2449fe.pdf	Other
14aYp-w1gNRvuxnf_iESa7Zpf-SEtB5Py	Copy of UU_20_2003_Education_System_20251122_163034_b0724e.pdf	Other
1rfH3oTywhIQ_fCMoLKKbf3Oq6wpjlAQo	Copy of UU_20_2016_TKA_20251122_163034_fe6a34.pdf	Other
1XypKI--I3shG-uXqJP1niz3hmBUCRwKM	Copy of UU_21_2008_Sharia_Banking_20251122_163034_a8f533.pdf	Other
1riKfeSfkmObr2JxqYLi0fR2x90r7LJ9K	Copy of UU_21_2011_OJK_20251122_163034_2aad03.pdf	Other
19IbLvkq9wD0s8L1zaM6sU4io2F5qBbkB	Copy of UU_24_2011_BPJS_20251122_163034_756588.pdf	Other
1mV71N3_zBl3rD42d1lERJdJEzAJU0cLP	Copy of UU_24_2013_Adminduk_Amendment_20251122_163034_34c5f0.pdf	Other
165ajsFaE1y2U4mWvr6SHWHUZjh2NxWrs	Copy of UU_25_2007_Investment_20251122_163034_96c848.pdf	Other
1nknO819v2AlbIKt4_o925LOm_7cicbAH	Copy of UU_25_2007_Penanaman_Modal_20251122_163034_a901ce.pdf	Other
1IirLsK03E-SEtO8-S6bjm83_74Ab2CYT	Copy of UU_29_2004_Medical_Practice_20251122_163034_3e8d7c.pdf	Other
18iga1ZSfsVS2ImAxVOpUY9iiDyFZJMxw	Copy of UU_29_2004_Praktik_Kedokteran_20251122_163034_ca7a95.pdf	Other
1BhfsGwcu79yWgWCvNCb_YA_6VkD60jM8	Copy of UU_2_2017_Construction_20251122_163034_b08088.pdf	Other
1IUfqNqSSiEcW1i5GeilcolFInLdz5Fye	Copy of UU_2_2017_Jasa_Konstruksi_20251122_163034_490b7b.pdf	Other
1Jirdsreq8p8HTb2oH9bknAWXQMZ4MDRt	Copy of UU_31_2004_Fisheries_20251122_163034_2049d6.pdf	Other
1E4auDedtJjVvRJYVZy3CzGBD3KIzuf5P	Copy of UU_31_2004_Perikanan_20251122_163034_6aff88.pdf	Other
1PN5pp-xjcjo3VdxEIp3YN29oRbhik19E	Copy of UU_32_2009_Environment_20251122_163034_8c7441.pdf	Other
1dP2IuTGVVhyxuz-OckjqEDb7j3dn15y6	Copy of UU_32_2009_Lingkungan_Hidup_20251122_163034_74a018.pdf	Other
17RsqOjRqBK8UFF7pTntx__vA8wxeOW93	Copy of UU_36_2008_PPh_20251122_163034_388292.pdf	Other
1j6QITe90rwgvXWJOusFER2F3KRtYyWLp	Copy of UU_36_2009_Health_20251122_163034_4f61bb.pdf	Other
1WMIPl9vSQ4yDnHiuuIyI6AcDsVsb3gTb	Copy of UU_40_2007_PT_PMA_20251122_163034_5c2c11.pdf	Other
1gtv0JokR_dwWxt1-9xXkD__migwIvpDY	Copy of UU_44_2009_Rumah_Sakit_20251122_163034_2f914b.pdf	Other
1KcixZMRS26-7pwPgy4oXFw61gZbj7qnb	Copy of UU_4_2023_Financial_Sector_Dev_20251122_163034_e8880d.pdf	Other
1Az4ir-QmeisFG04cvCMo-sMPvvdy7N05	Copy of UU_4_2023_PPSK_20251122_163034_2aad03.pdf	Other
1drdfgk3I4w5WCJKT5FOaZ3rCbLSmc1rD	Copy of UU_5_1960_Real_Estate_20251122_163034_4b5f11.pdf	Other
1CQXNtz4NkCQYrWa0f2pqcAfRHbb7c5oq	Copy of UU_5_1960_UUPA_20251122_163034_fbf36b.pdf	Other
1-5gi9zkrWqKXGyd9dN_Nr4WccYvpx7bU	Copy of UU_6_2011_Immigration_20251122_163034_1244ae.pdf	Other
14i7u6KWmw4SsJIr9B9BoU85O9qgSl9Nw	Copy of UU_6_2011_Keimigrasian_20251122_163034_123521.pdf	Other
1RT0tCtY2inrzOL_54ZuAvq6FAdRQ0SgD	Copy of UU_6_2023_Cipta_Kerja_20251122_163034_739044.pdf	Other
1rTmF2Gv46NBeLZ7IN0C6wVZnnoRE1xzL	Copy of UU_6_2023_Cipta_Kerja_20251122_163034_956903.pdf	Other
1UBKuV8e2S9ZKlVjgxS4sn5tinalTgbYr	Copy of UU_7_1992_Banking_20251122_163034_1ca21a.pdf	Other
1kEddmK6O-JI7_Sztuu50dbzJsFyGeoqJ	Copy of UU_7_1992_Perbankan_20251122_163034_76ad5b.pdf	Other
1NL7chMsX0gLdmwG0EFIxcB3iXyw2fpRu	Copy of UUD 1945 dan Amandemen.pdf	Other
1NDi2GYVlvNCaRiQ0GhglT-Hu5HIb2oCd	Copy of UUD_1945_Amd1_20251122_163034_a0d9f2.pdf	Other
17dE8YkjH4RBqAhBsW1mLX0XePmoT6FQR	Copy of UUD_1945_Amd2_20251122_163034_7476b5.pdf	Other
1su7qilxJp2VDamsNqIjR07Ttm2UGCPnM	Copy of UUD_1945_Amd3_20251122_163034_2ea2aa.pdf	Other
1cFRdYUEo6iIAQ0xZ7B9rCF6twiM8TOoy	Copy of UUD_1945_Amd4_20251122_163034_eb7c5a.pdf	Other
1XP8np5NGxsHYEei3Fd5VrE9vPMm5ZjBM	Copy of Veteran Republik Indonesia.pdf	Other
1u1s1w0S2N3SPCjTUAEjWW06ARxcVU9S3	Copy of Wilayah Negara.pdf	Other
1lYduXOZARfsoJHClHmTXaPnIYOnLD1QN	denpasar_denpasar_barat_01_51A9_PP.pdf	Other
18lO1jVG0Cw55mE9wSPy1vc6456lOqSoA	denpasar_denpasar_selatan_01_51B2_PP.pdf	Other
1twDxvyvWyd-hW58OYm8jDpY-6ZDpUywE	denpasar_denpasar_selatan_02_51B2_BA_Lampiran.pdf	Other
1JyTmlwjdTbMAblEHcUq708I79nmHZUsk	denpasar_denpasar_tengah_01_51A8_PP.pdf	Other
1ROEe9Q-MlGYTJqvy05Xd_xwwDbSI3S-D	denpasar_denpasar_timur_01_51B3_PP.pdf	Other
1wYuwhgx1yPNEsHl8cm5Ntkej-qJJdT_M	denpasar_denpasar_utara_01_51A5_PP.pdf	Other
1o_Eu1O_FXQBP2GKHA2jtihMMCIuf6yes	denpasar_denpasar_utara_02_51A5_BA_Lampiran.pdf	Other
1OUD7kUjfsiXEggnOApaPPVhUv_HMzqJj	Dewan Pertimbangan Presiden.pdf	Other
1jyFkzh0tNYOomLH3k8VWY9OE6E3bakt5	Energi.pdf	Other
1JzGJ309jRdB5n2-sgu4ES2pL3LvYO_76	gianyar_blahbatuh_01_51C8_PP.pdf	Other
1wp4jCpT7lVSMHYGjXWFJZMeKPUtaLfoi	gianyar_blahbatuh_02_51C8_BA_Lampiran.pdf	Other
1jI5Z4btaYGwVtwdy5DeTpjG6ipbKOtVR	gianyar_gianyar_01_51C7_PP.pdf	Other
1ATM5IvWhEXq4lvZcwOgbgbO4v0SqenlX	gianyar_gianyar_02_51C7_BA_Lampiran.pdf	Other
1xk7sUcgHlbZX13OYGqyUE9aFDtrkk-MH	gianyar_payangan_01_51B6_PP.pdf	Other
1LiRCX0mM4HzuSKi8yLUO4cuigPS3udak	gianyar_payangan_02_51B6_BA_Lampiran.pdf	Other
1gYJIXTLVVrvizvNgS070R9yNc7PZe6jz	gianyar_sukawati_01_51B7_PP.pdf	Other
1HJeygkRfri_C2IhrsLmlMBl9MYhN8gdc	gianyar_sukawati_02_51B7_BA_Lampiran.pdf	Other
1LLIxSfEC-CVrg75a_FUwX_J3R82ogVLL	gianyar_tampaksiring_01_51D1_PP.pdf	Other
1Rxb1Y0tasZn37TlOxRzo3Pi8nByPc2Gk	gianyar_tampaksiring_02_51D1_BA_Lampiran.pdf	Other
1TBQQS2wE9WlshdKFlLLsiu5YJ3ltAkXu	gianyar_tegallalang_01_51C2_PP.pdf	Other
1L7PslSV5ttp6AYOx0t1c8QsPv03UOJeQ	gianyar_tegallalang_02_51C2_BA_Lampiran.pdf	Other
10cSYUShJRLwOHWLa28kLYLR6Jrb6Juix	gianyar_ubud_01_51B1_PP.pdf	Other
16WWZBldtDo-7_J2WhIdd55XegHfCol5R	gianyar_ubud_02_51B1_BA_Lampiran.pdf	Other
1LTjNrljYcBdmruqGTWZ65zyha7cG3HEP	Hak Cipta.pdf	Other
1jH7--55sbfqffZPo8ld9_LKzFDf-FchF	Harmonisasi Peraturan Perpajakan.pdf	Other
1iTP3sS28x_VIxDH0otSy4CTkrihLlXWS	Harmonisasi Peraturan Perpajakan.pdf	Other
1j5BKligJnPQJxfb8oLl42ojchQ3VfIRh	Hukum Disiplin Militer.pdf	Other
1F9_i8ngx13R672tP_nVCHCxwA272yzIi	Hukum Disiplin Prajurit Angkatan Bersenjata Republik Indonesia.pdf	Other
1Tz8rR6phy29lAnyodiUKuLRRSFp1rSVU	Ibu Kota Negara.pdf	Other
12IwMXP0Gdq4QdixZsoVDJ1XvNWXl_jTL	imigrasi_file_75.pdf	Other
1MCZ4EbenTsPZ8L4kt6O4JgYchDNSo-GP	imigrasi_file_77.pdf	Other
1inx1q3YbVkCL07RM3tnrI-ME0LcmGphY	imigrasi_file_78.pdf	Other
1U2RFxTgYAokIW2CsSXSeTsUPudKsXuGh	imigrasi_file_79.pdf	Other
1r2_KdUyTw9_GbadKaBlrTrDYn2jRunFm	imigrasi_file_80.pdf	Other
1GHimPAXSz5ehKv5e9bofb_1-xjfzxtj6	Industri Pertahanan.pdf	Other
150AbbLSb82-grF9t5mZdiqNGFfCJ4Sl_	Informasi dan Transaksi Elektronik.pdf	Other
1DOfTvBnnvLsJTY3oogUvFo95qI38f9Gb	INGUB-6-TAHUN-2025-PENGHENTIAN-SEMENTARA-PEMBERIAN-IZIN-TOKO-MODERN-BERJEJARING.pdf	Other
1ToeE1s5vpywfa45MdswBhBGuL89RK-li	Jaminan Produk Halal.pdf	Other
1e17WMBgpfAdMZQrytnE5MfZci-kr2lPE	Kabupaten Aceh Besar di Aceh.pdf	Other
1BUyxqbqCvtiZyKonPLnVByMUGENmw64i	Kabupaten Aceh Tengah di Aceh.pdf	Other
1iQi3GNYG21iQYFUcrbMSTSYegblDoGhW	Kabupaten Bolaang Mongondow di Provinsi Sulawesi Utara.pdf	Other
1Di3iiEiLkCsX-QxirTw7d3jZXr7WSBgN	Kabupaten Kepulauan Sangihe di Provinsi Sulawesi Utara.pdf	Other
1ke9gp-H6bzazfMQ1L_9eRuhGFpAvzfs6	Kabupaten Konawe di Provinsi Sulawesi Tenggara.pdf	Other
1W8dodwqBUdhEEl_vpzIQ8t-2ofrwZcoX	Kabupaten Minahasa di Provinsi Sulawesi Utara.pdf	Other
1w3l8wjPDJS2b1WQ_RX9qU9a44zH-QPJH	Kabupaten Muna di Provinsi Sulawesi Tenggara.pdf	Other
1gpuC1sKAFTZoHmpu3gmjiVWUUkkMyYLX	Kabupaten Pidie di Aceh.pdf	Other
11M-z36xqqqVf4GsNYOTZv_KT91V6XmN5	Kearsipan.pdf	Other
1n07tj48BXwfdetG6KKNJ1z38_d99VE9I	Kebidanan.pdf	Other
1CpH62A5O8DJpASNisE882DPhdMrnGR3k	Kebijakan Keuangan Negara dan Stabilitas Sistem Keuangan untuk Penanganan Pandemi Corona Virus Disease 2019 (COVID-19) danatau dalam Rangka Menghadapi Ancaman yang Membahayakan Perekonomian Nasional.pdf	Other
1eVdGpLSbPhe5GK2sDCSQBi_2ZO_HOBW5	Kebijakan Keuangan Negara dan Stabilitas Sistem Keuangan untuk Penanganan Pandemi Corona Virus Disease 2019 (COVID-19) danatau dalam Rangka Menghadapi Ancaman yang Membahayakan Perekonomian Nasional.pdf	Other
1GejIHdhGhW6XeIdiLuepkqH5k2kLGJn_	Keimigrasian.pdf	Other
16MpFT7wjkaOXZDr8w5zcZ2-_1EwVqcMJ	Keistimewaan Daerah Istimewa Yogyakarta.pdf	Other
1oYEj2uEJkzsDECcG7soChpG-j5mJ_fyr	Kekarantinaan Kesehatan.pdf	Other
1OcrWlEBoT4btpUm3hKcu1K6qcP1n1SZC	Kekuasaan Kehakiman.pdf	Other
1yP_MiWkzLkbK9JRQLDmgoFyd2waK1hj2	Kelautan.pdf	Other
1fLHgp-tubl1rHgkBJGETnKb-r3Do_0K6	Kementerian Negara.pdf	Other
1PvtnlWSMyLAvpRSSx3aipz9pNv3ct96T	Kemnaker_2023UU06_Klaster_Ketenagakerjaan.pdf	Other
1xNl2Qoq1rLZ-Y0T0utREyKtZpux9xU8H	Keolahragaan.pdf	Other
17dhck0sGIC8nn80R2a-VCKDHYnpPvyBP	Keolahragaan.pdf	Other
1w5qQ-IwG9rIuC_N3a7I_XORFtRs9fSrU	Keperawatan.pdf	Other
1KuJu3yJZCU8AjTu3GY61Apuvy4rhu2HO	Kepolisian Negara Republik Indonesia.pdf	Other
16_ufaBjjFSmS_Q0I2L2BUun3lHGhCgHY	Kesehatan Jiwa.pdf	Other
1fDVphpqR5HBtqIvBjbYltQxsQROQGs2m	Kesehatan.pdf	Other
1u0S_nP_LK7WmUvDZ-jcWnnutSjEh3LQ_	Kesejahteraan Ibu dan Anak pada Fase Seribu Hari Pertama Kehidupan.pdf	Other
1aqVSbhVP0vgul51Y914227oB0pPGnjym	Ketenagakerjaan.pdf	Other
19pyC0-Om0HyFvpJJLzWg_lh7brPU5JSU	Ketentuan Pokok Kearsipan.pdf	Other
1bCDR4zusBxbhYxHXGGgXZHIYijDm9LR1	Ketentuan Umum dan Tata Cara Perpajakan.pdf	Other
1Rmk8HtsBZPFnU-2QR1XOXP_TAlTqUcEK	Ketentuan-Ketentuan Pokok Pertahanan Keamanan Negara Republik Indonesia.pdf	Other
1WGwMHqgFuzqwQnrxg1XTyUIpKrP8fCZd	Kitab Undang-Undang Hukum Pidana.pdf	Other
1Ejv-nY1HuOPnjuHdSOQi6MIqCEidmZRQ	Kitas giga 2.pdf	Other
1aJQ_buDLJ3Lek5ydZxg4Yc6KGgLNWeZV	Kota Banda Aceh di Aceh.pdf	Other
15JuX9DKi8GaBO-9wFG6RIlzcPmc6wRoJ	Kota Manado di Provinsi Sulawesi Utara.pdf	Other
1jGPY4UjGuRdQak1wVXVRJG45Rmt2XINb	KUHP_2025_New.pdf	Other
1T439G5FoISq1dUp9yiuSbxcXqsLAX2Aj	KUHP_2025_New_Penal_Code.pdf	Other
1Je7eAK3ya_P5yY9L_JtnwRzkTDrucnzgZ4PvvWlb2us	list peraturan	Other
1wkGcq-TD0p4G4b6CJWcQRwvL6VX03att	Minyak dan Gas Bumi.pdf	Other
1pr4Q7uN5scOkxPRJ3CZRgxRW91IW0fGP	No 8 Tahun 2021.pdf	Other
16hgTd2wHlFKIpURFWnpUxXL8RU3_TBkI	Otonomi Khusus Bagi Provinsi Papua.pdf	Other
1N5QAb513QayIT2yQHc5-6KdoZ4i9AzuC	Pajak Penghasilan.pdf	Other
1XNJAlyuTde5n-pOB6D5N9VH7xFUFCtML	Pajak Pertambahan Nilai Barang dan Jasa dan Pajak Penjualan atas Barang Mewah.pdf	Other
1UApZvtOnpeRDrcmBP7k7wG3yCr2WyCjb	Panas Bumi.pdf	Other
1pPLRNGQ3XIuREiBNGNJ8Ihi6vJDub94R	Pangan.pdf	Other
1DDqpMPOrYt2BwvfQzZVn06aG4EbqvnWt	Pelayaran.pdf	Other
1C_j8FJOJ-rqQsGpjfO0BTkmJm1TMsLVD	Pelindungan Pekerja Migran Indonesia.pdf	Other
1Scrqz0V-FRYCfO9fyc_Y0PyRWuuw-ux_	Pelindungan Pekerja Migran Indonesia.pdf	Other
1pZkwIrfkGV6w5iZu8QyYTL0lM9xwlCbs	Pembentukan Daerah Otonom Kabupaten-Kabupaten Dalam Lingkungan Daerah Propinsi Sumatera Utara.pdf	Other
1145cONDdDhfUs56BC6Cs0vEVx_3uZSIV	Pembentukan Daerah Otonom Kota-Kota Besar Dalam Lingkungan Daerah Propinsi Sumatera Utara.pdf	Other
10JotZfE06FHmXhgUj_6d7y-UcglSW6mU	Pembentukan Daerah Tingkat II Di Sulawesi.pdf	Other
1OttmsZR-68OyOs4lrDn6z784Nr9zlqz-	Pembentukan Kabupaten Aceh Barat Daya Kabupaten Gayo Lues Kabupaten Aceh Jaya Kabupaten Nagan Raya dan Kabupaten Aceh Tamiang Di Provinsi Nanggroe Aceh Darussalam.pdf	Other
1ZbLRy1SQ7hJDKRfNxyzsrOnnWE-A20SU	Pembentukan Kabupaten Bombana Kabupaten Wakatobi dan Kabupaten Kolaka Utara di Provinsi Sulawesi Tenggara.pdf	Other
1WFWJN_8wJfa3CaKu7Zs2egbXDBBEEPYX	Pembentukan Kabupaten Katingan Kabupaten Seruyan Kabupaten Sukamara Kabupaten Lamandau Kabupaten Gunung Mas Kabupaten Pulang Pisau Kabupaten Murung Raya Dan Kabupaten Barito Timur Di Provinsi.pdf	Other
10Fh_Vfly4jVZ24k64hWq_-2CFHw4LEH-	Pembentukan Kabupaten Kubu Raya Di Provinsi Kalimantan Barat.pdf	Other
1ISaXUgPi_rUBN-I0DEf_fjwmLBesAZGB	Pembentukan Kabupaten Lingga di Provinsi Kepulauan Riau.pdf	Other
1J2vFPsXK90lietEMj6NO88A6bHWGCFW2	Pembentukan Kabupaten Melawi Dan Kabupaten Sekadau Di Provinsi Kalimantan Barat.pdf	Other
1U1bPzrUSAcXoLBpNPBIhzDsJgqn2NiW2	Pembentukan Kabupaten Minahasa Utara di Provinsi Sulawesi Utara.pdf	Other
1uHlBqDalW-NwJeuJtEqSvRxkZOmkqkRe	Pembentukan Kabupaten Nias Barat di Provinsi Sumatera Utara.pdf	Other
1BS7sR6efw1IMg22IbPSm6R-Xvthk1uKG	Pembentukan Kabupaten Nias Utara di Provinsi Sumatera Utara.pdf	Other
1i97EikBVUqV-gWSLYamXawVMlNogTbw4	Pembentukan Kabupaten Pangandaran di Provinsi Jawa Barat.pdf	Other
1NRp2gI0cs4jN2xlJH6N4BrPdjXvu5pGr	Pembentukan Kabupaten Pesawaran Di Provinsi Lampung.pdf	Other
1rFU8UlED8pGqWdumfXH9Oemu7ElcVkYI	Pembentukan Kabupaten Pesisir Barat di Provinsi Lampung.pdf	Other
1Cit6vvumjcDNxDNoAoUqhO7AI73n768O	Pembentukan Kabupaten Sumbawa Barat Di Provinsi Nusa Tenggara Barat.pdf	Other
1Q4OK3Z2zWq_oQnJ2CCx3H3QGo2FrHEmF	Pembentukan Kabupaten Tana Tidung Di Provinsi Kalimantan Timur.pdf	Other
1NMK-Zkg13-a2Sxl1hn6Iu4rVaukb_J5I	Pembentukan Kabupaten Tojo Una-Una Di Provinsi Sulawesi Tengah.pdf	Other
1LtA50OcfIZm_ybdjM5nkwO6XMSy6nREu	Pembentukan Kota Gunungsitoli di Provinsi Sumatera Utara.pdf	Other
1hTPIQnVImT7Mc5-GuqDZc5_JMdkrvTEg	Pembentukan Kota Serang Di Provinsi Banten.pdf	Other
1NhYJR0g6c-jsgqvp47UDaLOD0zsQ-YaA	Pembentukan Kota Tual di Provinsi Maluku.pdf	Other
1qUy5Ikctc2eQXGoApQrv9iBF5V1gwkTD	Pembentukan Pengadilan Tinggi Agama Bali Pengadilan Tinggi Agama Papua Barat Pengadilan Tinggi Agama Kepulauan Riau Pengadilan Tinggi Agama Sulawesi Barat dan Pengadilan Tinggi Agama Kalimantan Utara.pdf	Other
1ReqEdJI7S_NcLluOmS3QL_blD4Xc7YOD	Pembentukan Pengadilan Tinggi Agama Banten.pdf	Other
1TVOR_ubNfKHzsQsplWoBZLErtGfETLEH	Pembentukan Pengadilan Tinggi Agama Gorontalo.pdf	Other
1CaaBW-B3uPEa-QFqZz055dnKb_4gKYxU	Pembentukan Pengadilan Tinggi Agama Kepulauan Bangka Belitung.pdf	Other
18Rrt22B4iMDZSVh3xtQCr_LbzjnmhzOe	Pembentukan Pengadilan Tinggi Agama Maluku Utara.pdf	Other
1pi_ffCTXg_RCKfdD6jxzPhG2JT76hZPH	Pembentukan Pengadilan Tinggi Papua Barat Pengadilan Tinggi Kepulauan Riau Pengadilan Tinggi Sulawesi Barat dan Pengadilan Tinggi Kalimantan Utara.pdf	Other
10FXKMcMrl_52DnDS1KwG9OXzfvasuGAM	Pembentukan Pengadilan Tinggi Tata Usaha Negara Palembang Pengadilan Tinggi Tata Usaha Negara Banjarmasin Pengadilan Tinggi Tata Usaha Negara Mataram dan Pengadilan Tinggi Tata Usaha Negara Manado.pdf	Other
1HJopze4WvaZXE4CCPE0Q_kv0icWtpFad	Pembentukan Provinsi Kalimantan Utara.pdf	Other
1iFySi8gBAtkXsefjVjk3zCC4PvhX1KCg	Pemerintahan Daerah.pdf	Other
1HU6RscEVzvi6IcI8VuuCBo54HJu-Te_G	Pemerintahan Daerah.pdf	Other
1er1Oo2WIwVyZSgxgzxL0dJmqoHxcs5yU	Pemerintahan Propinsi Daerah Khusus Ibukota Negara Republik Indonesia Jakarta.pdf	Other
1_HT8-yEIdKJpyA-NGi3fyLb7DIWaZsN1	Pemerintahan Provinsi Daerah Khusus Ibukota Jakarta sebagai Ibukota Negara Kesatuan Republik Indonesia.pdf	Other
1SyRtzZzl4KV8ynlmx3zkiOjeKRmANhC0	Pemilihan Umum Presiden dan Wakil Presiden.pdf	Other
1h7UPQvaEqjK72PLH--ckUXDLzwSWAkuo	Pemilihan Umum.pdf	Other
1sVqJyZzLmF9Pr8O1Hf-nsZhZ03go0IOU	Pemilihan Umum.pdf	Other
1Le7QmXuLsrii93lJrwq1fs0KgykF2d_U	Pemutakhiran Rencana Kerja Pemerintah Tahun 2025.pdf	Other
1ZuaqhJiWeMtn1ukUgLo2dTGg6X9omtG5	Penataan Ruang.pdf	Other
1G3dJyonMwIZ2uaiinRQ0JGDnduQoDIpb	Pencarian dan Pertolongan.pdf	Other
1gOsldkqfXYepnMVq1YxQvQp88e7q5-0m	Penempatan dan Perlindungan Tenaga Kerja Indonesia di Luar Negeri.pdf	Other
1ipz0a4hT_XuvBYiURGNrpjAEpFStU99F	Penetapan Peraturan Pemerintah Pengganti Undang-Undang Nomor 1 Tahun 2008 tentang Perubahan atas Undang-Undang Nomor 21 Tahun 2001 tentang Otonomi Khusus Bagi Provinsi Papua Menjadi Undang-Undang.pdf	Other
1EO6Mz9wWAhcFme-IOpxpqNzcA9ltYSgF	Penetapan Peraturan Pemerintah Pengganti Undang-Undang Nomor 1 Tahun 2017 Tentang Akses Informasi Keuangan Untuk Kepentingan Perpajakan Menjadi Undang-Undang.pdf	Other
17ELPqJav-xySPEAT88fv1YauvuUsu7Hv	Penetapan Peraturan Pemerintah Pengganti Undang-Undang Nomor 1 Tahun 2020 tentang Kebijakan Keuangan Negara dan Stabilitas Sistem Keuangan untuk Penanganan Pandemi Corona Virus Disease 2019.pdf	Other
1b50pjHBC008mUZUIp1ZTPBaMTRFxG2Nr	Penetapan Peraturan Pemerintah Pengganti Undang-Undang Nomor 1 Tahun 2020 tentang Kebijakan Keuangan Negara dan Stabilitas Sistem Keuangan untuk Penanganan Pandemi Corona Virus Disease 2019.pdf	Other
14FdwbMMqB-vXHWR6yyo40wlbocU0Qgx7	Penetapan Peraturan Pemerintah Pengganti Undang-Undang Nomor 2 Tahun 2005 tentang Badan Rehabilitasi dan Rekonstruksi Wilayah dan Kehidupan Masyarakat Provinsi Nanggroe Aceh Darussalam dan Kepulauan.pdf	Other
1oIx6WT_3tU8w836ZqIq6WpRz0RpgL4_Q	Penetapan Peraturan Pemerintah Pengganti Undang-Undang Nomor 2 Tahun 2017 tentang Perubahan atas Undang-Undang Nomor 17 Tahun 2013 tentang Organisasi Kemasyarakatan Menjadi Undang-Undang.pdf	Other
1E1nc24hOW-mtVhg8-Mdhh7-a3dnxyDcE	Penetapan Peraturan Pemerintah Pengganti Undang-Undang Nomor 2 Tahun 2017 tentang Perubahan atas Undang-Undang Nomor 17 Tahun 2013 tentang Organisasi Kemasyarakatan Menjadi Undang-Undang.pdf	Other
1Nf9jNEFoBSUJT7xufg8id1ZxmVW9-1BG	Penetapan Peraturan Pemerintah Pengganti Undang-Undang Nomor 2 Tahun 2022 tentang Cipta Kerja menjadi Undang-Undang.pdf	Other
1uaCsY2D4u-WwNI5t1oijczC9nDKtCiQs	Penetapan Peraturan Pemerintah Pengganti Undang-Undang Nomor 3 Tahun 2005 tentang Perubahan atas Undang-Undang Nomor 32 Tahun 2004 tentang Pemerintahan Daerah Menjadi Undang-Undang.pdf	Other
1YI0rcG3xfN-LGDWv3-bfHbrcbHP4Sd4Y	Penetapan Peraturan Pemerintah Pengganti Undang-Undang Nomor 5 Tahun 2008 Tentang Perubahan Keempat Atas Undang-Undang Nomor 6 Tahun 1983 Tentang Ketentuan Umum dan Tata Cara Perpajakan Menjadi.pdf	Other
17HVOr9kqQT8hfLqo1nkn0VkN1h5wJ1Zi	Pengadilan Tindak Pidana Korupsi.pdf	Other
10oo3D77uPN0M7OzfdJYXFeuKHrWkgXwg	Pengelolaan Keuangan Haji.pdf	Other
1mfdmAB_M0udke2EUn-_m2ZYGyeIYGD6g	Pengelolaan Wilayah Pesisir dan Pulau-Pulau Kecil.pdf	Other
1JvfceLe5guOjL_PSMkzhiGjuVAwOb1eJ	Pengesahan ASEAN Agreement on Electronic Commerce (Persetujuan ASEAN tentang Perdagangan Melalui Sistem Elektronik).pdf	Other
1CVI7gSf5b881zAUmu7AfBKgDibklXcSm	Pengesahan ASEAN Agreement on Transboundary Haze Pollution (Persetujuan ASEAN Tentang Pencemaran Asap Lintas Batas).pdf	Other
1FWj6x6y_JtU0hH-y_cWgrA8guVTgu9DA	Pengesahan Asean Convention Against Trafficking In Persons Especially Women and Children (Konvensi Asean Menentang Perdagangan Orang Terutama Perempuan dan Anak).pdf	Other
1ThmGHUaA16LYIAQoh9LaGNSuw_wkVX69	Pengesahan Asean Convention Against Trafficking In Persons Especially Women and Children (Konvensi Asean Menentang Perdagangan Orang Terutama Perempuan dan Anak).pdf	Other
11VKbHkKO8JTTZG2y0WunjYieHInDiaGb	Pengesahan Charter of The Association of Southeast Asian Nations (Piagam Perhimpunan Bangsa-Bangsa Asia Tenggara).pdf	Other
11wYgvBJr4dpE8DFUYSZN8s4II2SE40QJ	Pengesahan Charter of The Association of Southeast Asian Nations (Piagam Perhimpunan Bangsa-Bangsa Asia Tenggara).pdf	Other
1praI5iEsDIUDXJB1FEVfxs84VXVrGxLO	Pengesahan Comprehensive Economic Partnership Agreement Between The Republic of Indonesia and The EFTA States (Persetujuan Kemitraan Ekonomi Komprehensif antara Republik Indonesia dan Negara-Negara.pdf	Other
1cI7lME3q7NLHu9htLTiUJcTvS4FNE_Rw	Pengesahan International Covenant on Civil and Political Rights (Kovenan Internasional Tentang Hak-Hak Sipil dan Politik).pdf	Other
1ssnY-Hm2LOowJoee25Qsyg3w6gEQA8ll	Pengesahan International Covenant on Economic Social and Cultural Rights (Kovenan Internasional tentang Hak-Hak Ekonomi Sosial dan Budaya).pdf	Other
1u4fSFrdaLyuv84vh3U4gYCkXTZehFx_G	Pengesahan Minamata Convention On Mercury (Konvensi Minamata Mengenai Merkuri).pdf	Other
1q7bkZI0OetlrqkpKEGLBQgB9HxaIjJ45	Pengesahan Perjanjian antara Republik Indonesia dan Federasi Rusia tentang Bantuan Hukum Timbal Balik dalam Masalah Pidana (Treaty Between the Republic of Indonesia and the Russian Federation on.pdf	Other
1ITOjQaXcQs3eJGJs_482qpn81m2KKhYP	Pengesahan Persetujuan antara Pemerintah Republik Indonesia dan Pemerintah Negara Merdeka Papua Nugini tentang Kegiatan Kerja Sama di Bidang Pertahanan (Agreement Between The Government of The.pdf	Other
1sKerhqLm_zvJ3tVcFtPehZROqSWOCL-g	Pengesahan Persetujuan antara Pemerintah Republik Indonesia dan Pemerintah Republik Federatif Brasil tentang Kerja Sama Terkait Pertahanan (Agreement between the Government of the Republic of.pdf	Other
1_q4zf75MtbV9CV0MnsBtfZFMuAt3u8vX	Pengesahan Persetujuan antara Pemerintah Republik Indonesia dan Pemerintah Republik Federatif Brasil tentang Kerja Sama Terkait Pertahanan (Agreement between the Government of the Republic of.pdf	Other
1fAPx3a02XV3py9qPHtD7KhFspeh2_RSw	Pengesahan Persetujuan antara Pemerintah Republik Indonesia dan Pemerintah Republik India mengenai Kerja Sama dalam Bidang Pertahanan (Agreement between the Government of the Republic of Indonesia.pdf	Other
1AWtfDO3Ir6wLjBqJDdQ-VFnY_6QpW7f6	Pengesahan Persetujuan antara Pemerintah Republik Indonesia dan Pemerintah Republik India mengenai Kerja Sama dalam Bidang Pertahanan (Agreement between the Government of the Republic of Indonesia.pdf	Other
1yyPpuAeyM5IZHRdRBrRu7XDLjoC8rODD	Pengesahan Persetujuan antara Pemerintah Republik Indonesia dan Pemerintah Republik India tentang Kegiatan Kerja Sama di Bidang Pertahanan (Agreement Between The Government of The Republic of.pdf	Other
1B5ukRa0DvQdf7rNn2Hw1l4eYDfQ02LQH	Pengesahan Persetujuan antara Pemerintah Republik Indonesia dan Pemerintah Republik India tentang Kegiatan Kerja Sama di Bidang Pertahanan (Agreement Between The Government of The Republic of.pdf	Other
1UhEkPV3mbQatiCN0VY1cXHKKI2HdUwi7	Pengesahan Persetujuan antara Republik Indonesia dan Republik Rakyat China tentang Ekstradisi (Treaty Between The Republic of Indonesia and The Peoples Republic of China on Extradition).pdf	Other
1TVHdjMW3B5ri1J1tS8wzuW5xh1SX8ihy	Pengesahan Protocol Amending The Marrakesh Agreement Establishing The World Trade Organization (Protokol Perubahan Persetujuan Marrakesh Mengenai Pembentukan Organisasi Perdagangan Dunia).pdf	Other
1r6uAaKFD_IFPEgZOpL4MPJEt3divicLZ	Pengesahan Protocol Amending The Marrakesh Agreement Establishing The World Trade Organization (Protokol Perubahan Persetujuan Marrakesh Mengenai Pembentukan Organisasi Perdagangan Dunia).pdf	Other
1mYg0BkBJcc9OiJnblx14QF4m8QTkqpht	Pengesahan Treaty on the Prohibition of Nuclear Weapons (Traktat mengenai Pelarangan Senjata Nuklir).pdf	Other
1lEREfCR3FQdUM3oK2uVslHvTbe3ZRbJ1	Pengesahan Treaty on the Prohibition of Nuclear Weapons (Traktat mengenai Pelarangan Senjata Nuklir).pdf	Other
17lpl-bDdz7HgMVYlrMl6kH_gver9vVsC	Penghapusan Diskriminasi Ras dan Etnis.pdf	Other
1O9tGAUNhwern_hhWu3QFguqIOQD1h_H8	Penyelenggaraan Ibadah Haji dan Umrah.pdf	Other
1vndCbadNtBLnnzhTRoC54WFDSBceW6nY	Penyelenggaraan Ibadah Haji dan Umrah.pdf	Other
1wgxgRXD8OeNhJ8Rv-VFT5qQVvhJczRoF	PER-7 PJ 2025.pdf	Other
1l9WHvV08IcvWEevtrEvRvz7JPfCfI3Wx	Peradilan Agama.pdf	Other
1lKYu8GqnTAtZiwzB66D5zliYxBOZ0kU8	Peradilan Tata Usaha Negara.pdf	Other
16kwh3l_xwXAx0UyvWFsF7SUZKuSShEqz	Peradilan Umum.pdf	Other
1ulx6E9KNxogvgbuYDtOsRLfFh4WJez9Z	Perairan Indonesia.pdf	Other
1CYEX4mJkiRbTarDVx4Ili0ugLGwtSIUV	Peraturan Menko Pangan Nomor 1 Tahun 2026.pdf	Other
1yWSfawWU4Llzv-ogBTU6Fy147q8wcdmW	peraturan-bps-no-7-tahun-2025.pdf	Other
1-uGMDJOGpKgJMK1hSSwu-7lAcYkaQsra	Perikanan.pdf	Other
1k4dG7cQ9mcsextJtFKXMsk030_zfu3hU	Perkoperasian.pdf	Other
1mst60o2OGwIxd2axI2vLdctOmxWxbzWT	Perlindungan Saksi dan Korban.pdf	Other
108GwRiiLChy-5UpKx6gM2Ntqssw-u-zI	Permen Imipas 8 Tahun 2025.pdf	Other
1HdiTyxrK9vqhFaCNVujm1KYYjuM86HgS	Permen Imipas Nomor 3 Tahun 2024.pdf	Other
1FuXcDY78aWbh2UGc0paXV59_XQeJ1_BF	Permenaker_No._15_Tahun_2022.pdf	Other
14FmwsQc9NjGvuIUxmSpZxbhm8kaMJDO3	Permenaker_No._20_Tahun_2019.pdf	Other
1KnmpiLByTIGYX68_cuMQhWwCyQSMnMj_	Permenkumham Nomor 11 Tahun 2024.pdf	Other
1pQwFd9Z9xnvKIE9rjS668L5D-pPCnqut	permenperin-no-1-tahun-2026.pdf	Other
1xR6PFR4nwYDc2okqQXHTd9OkW57HnnWg	Pertahanan Negara.pdf	Other
1cnICIh76cCuy6o7lliqTzOu_yT1Za-Mv	Pertanggungjawaban atas Pelaksanaan Anggaran Pendapatan dan Belanja Negara Tahun Anggaran 2011.pdf	Budget
10GgCeX2MG0Kji5kW7Qd9FkMQTmrqCBdN	Pertanggungjawaban Atas Pelaksanaan Anggaran Pendapatan Dan Belanja Negara Tahun Anggaran 2016.pdf	Budget
1CtBEU-MRVjJf4rYnnDCpzRn3inTCbyXy	Pertanggungjawaban atas Pelaksanaan Anggaran Pendapatan dan Belanja Negara Tahun Anggaran 2020.pdf	Budget
1ozGY-5eCOWHoYoxiP6Sj1UwjdjkPzPay	Pertanggungjawaban atas Pelaksanaan Anggaran Pendapatan dan Belanja Negara Tahun Anggaran 2020.pdf	Budget
1JIIWBX4gHYlTSJYHHAA7bS5-3zmAe-bO	Pertanggungjawaban atas Pelaksanaan Anggaran Pendapatan dan Belanja Negara Tahun Anggaran 2023.pdf	Budget
1QK2QVjJX0y2-vDsnarHoyCcz-MJbxPtN	Pertanggungjawaban atas Pelaksanaan Anggaran Pendapatan dan Belanja Negara Tahun Anggaran 2023.pdf	Budget
1wbq0gYik48HYwouFFPGaF70L1qAOlcPT	Pertanggungjawaban atas Pelaksanaan Anggaran Pendapatan dan Belanja Negara Tahun Anggaran 2024.pdf	Budget
1UWTlvRGZYYP8sm0gq21jxhZWWkfnmUUx	Pertanggungjawaban atas Pelaksanaan Anggaran Pendapatan dan Belanja Negara Tahun Anggaran 2024.pdf	Budget
1OoXV-5vgtKFz1U5JM8Ule2LMMTwJ70wm	Perubahan atas Undang-Undang Nomor 11 Tahun 1995 tentang Cukai.pdf	Other
1GyCeWEjm0DbjNUZGL4JCgzIS3NUFurbq	Perubahan atas Undang-Undang Nomor 13 Tahun 2006 Tentang Perlindungan Saksi dan Korban.pdf	Other
1Cpkebo_uF4kewkOtpIs9PE3SbSrB6B6h	Perubahan atas Undang-Undang Nomor 15 Tahun 2002 tentang Tindak Pidana Pencucian Uang.pdf	Other
1StRcSHofo893Aa6E-qrNfMnbz5nlGPkp	Perubahan atas Undang-Undang Nomor 19 Tahun 2006 tentang Dewan Pertimbangan Presiden.pdf	Other
1lyKBm-DGPp6YVvS-UvGrsjkAA7QvmRy8	Perubahan atas Undang-Undang Nomor 2 Tahun 2024 tentang Provinsi Daerah Khusus Jakarta.pdf	Other
1Qzl2yDCQSpeF2mp_cXN-Np-1zbUCwIJw	Perubahan atas Undang-Undang Nomor 20 Tahun 1982 tentang Ketentuan-Ketentuan Pokok Pertahanan Keamanan Negara Republik Indonesia.pdf	Other
1k1mleZC2ZUdUxl9sgDFI1Y5DzCcDeFbZ	Perubahan atas Undang-Undang Nomor 27 Tahun 2007 Tentang Pengelolaan Wilayah Pesisir dan Pulau-Pulau Kecil.pdf	Other
1SeXbUgu-j5u4pb29lvZdJm-HTtuHWVCE	Perubahan Atas Undang-Undang Nomor 27 Tahun 2014 tentang Anggaran Pendapatan dan Belanja Negara Tahun Anggaran 2015.pdf	Budget
1XbZIhn1YTWl1OclhuN0Z87asTR-QutA_	Perubahan atas Undang-Undang Nomor 28 Tahun 2003 tentang Anggaran Pendapatan dan Belanja Negara Tahun Anggaran 2004.pdf	Budget
18vXiWh3p3Eqb0egYJUFFSTgz70RpL572	Perubahan Atas Undang-Undang Nomor 29 Tahun 2002 tentang Anggaran Pendapatan dan Belanja Negara Tahun Anggaran 2003.pdf	Budget
12Avqq3tosgKNXkD7wdIdcddvgnlld5Yh	Perubahan atas Undang-Undang Nomor 3 Tahun 2022 tentang Ibu Kota Negara.pdf	Other
1INCr8ODEXp2VKah7kyEtlVAq4eIXbSyQ	Perubahan Atas Undang-Undang Nomor 31 Tahun 2004 Tentang Perikanan.pdf	Other
1ZFnzIe9r1rceyAM68639J2X2-mNFHff-	Perubahan atas Undang-Undang Nomor 35 Tahun 2000 tentang Anggaran Pendapatan dan Belanja Negara Tahun Anggaran 2001.pdf	Budget
1TNM2ZB_MF4MchN7K2CIIaEnnM21Bsv1l	Perubahan atas Undang-Undang Nomor 36 Tahun 2004 tentang Anggaran Pendapatan dan Belanja Negara Tahun Anggaran 2005.pdf	Budget
1yD4FpnIxUJqNoqld583TMW6y1iScvHJd	Perubahan atas Undang-Undang Nomor 39 Tahun 2008 tentang Kementerian Negara.pdf	Other
1K5vPiaT_dQR_b6TCR0UkVL6csXSpmF_V	Perubahan atas Undang-Undang Nomor 39 Tahun 2008 tentang Kementerian Negara.pdf	Other
1hPHEMlLzVVJySCZQFuN_CFPpxz1xyWNF	Perubahan atas Undang-Undang Nomor 47 Tahun 2009 tentang Anggaran Pendapatan dan Belanja Negara Tahun Anggaran 2010.pdf	Budget
1vwXqh9FAI6q4cHlx0WL-KtpL097_5roE	Perubahan Atas Undang-Undang Nomor 5 Tahun 1986 tentang Peradilan Tata Usaha Negara.pdf	Other
1Ly4hthn-cwcxXRvr-wUTyoksp9U3qdLu	Perubahan atas Undang-Undang Nomor 6 Tahun 1983 tentang Ketentuan Umum dan Tata Cara Perpajakan.pdf	Other
16ijpwFxByyl3lma0kzgqfA7567IjQuOI	Perubahan atas Undang-Undang Nomor 8 Tahun 1983 tentang Pajak Pertambahan Nilai Barang dan Jasa dan Pajak Penjualan atas Barang Mewah.pdf	Other
1x3q_zE6wcaLyjyYkdXIogedPUy_iNZOe	Perubahan Kedua atas Undang-Undang Nomor 11 Tahun 2008 tentang Informasi dan Transaksi Elektronik.pdf	Other
1L4eFnzqzVleaWneOD4Sijmsqa6VD6NiN	Perubahan Kedua Atas Undang-Undang Nomor 2 Tahun 1986 Tentang Peradilan Umum.pdf	Other
1LK_enRCPFqJhoH8HRcDZBsTD5mCRHLSF	Perubahan Kedua atas Undang-Undang Nomor 21 Tahun 2001 tentang Otonomi Khusus bagi Provinsi Papua.pdf	Other
1oDnUjcJl_ruopVUZVoMm9FkaqmNq9Goc	Perubahan Kedua atas Undang-Undang Nomor 32 Tahun 2004 tentang Pemerintahan Daerah.pdf	Other
1_Wi9UTIKENQyO-khqR6bwGibKWWy7h2d	Perubahan Kedua atas Undang-Undang Nomor 36 Tahun 2004 tentang Anggaran Pendapatan dan Belanja Negara Tahun Anggaran 2005.pdf	Budget
1QRR_YsQe_aKaVzeid5UGUXvEePvRUOEc	Perubahan Kedua Atas Undang-Undang Nomor 5 Tahun 1986 tentang Peradilan Tata Usaha Negara.pdf	Other
1NUmoS5ywuYfYkZBelgfYd68f6z3KDrrT	Perubahan Kedua atas Undang-Undang Nomor 6 Tahun 1983 tentang Ketentuan Umum dan Tata Cara Perpajakan.pdf	Other
1cwwdgeQwH4UKVhaiZxjQl1Wkilrptw8g	Perubahan Kedua atas Undang-Undang Nomor 6 Tahun 2014 tentang Desa.pdf	Other
1y3CsX8SrKRBsmt_rfSaC0JTh5FbFdGPI	Perubahan Kedua atas Undang-Undang Nomor 7 Tahun 1989 tentang Peradilan Agama.pdf	Other
1F-uPfH81v-Dl4Vo0y6QHUloYvhw3BFTL	Perubahan Keempat atas Undang-Undang Nomor 19 Tahun 2003 tentang Badan Usaha Milik Negara.pdf	Other
1DZYvazWuAKR3zyKE0y1UCRf3vUR-QWan	Perubahan Keempat Atas Undang-Undang Nomor 7 Tahun 1983 tentang Pajak Penghasilan.pdf	Other
1b-P7GkSGWRc-rL7QiDwzJhZw0QxX2vbw	Perubahan Ketiga atas Undang-Undang Nomor 13 Tahun 2016 tentang Paten.pdf	Other
1Ojzyy7luz2VduJu9AY5GCgdq0tobukgB	Perubahan Ketiga atas Undang-Undang Nomor 17 Tahun 2008 tentang Pelayaran.pdf	Other
1VEmP-htgZYzYD5ShPjZoZ-eYOOqdl6Mg	Perubahan Ketiga atas Undang-Undang Nomor 19 Tahun 2003 tentang Badan Usaha Milik Negara.pdf	Other
1mvryk4Iq2F4vNyI0DHL6JkitmkamJ1v_	Perubahan Ketiga atas Undang-Undang Nomor 8 Tahun 2019 tentang Ibadah Haji dan Umrah.pdf	Other
1nwfUaBZxyAgmctjm9RjJDbKFuwI1izpa	Perubahan Ketiga atas Undang-Undang Nomor 8 Tahun 2019 tentang Ibadah Haji dan Umrah.pdf	Other
1W-LibduIlhkdXeEoBIMx1_zoHeVWC5H4	Perusahaan Pertambangan Minyak dan Gas Bumi Negara.pdf	Other
16GsKR8rP2_wPHKQmS2sbgHP2pICNL0k0	PMK-131-2024_20251122_163034_9efae0.pdf	Tax
1OPu4z91awXn2guAfJcyAr_YeDMrF3HC1	PMK-81-2024.pdf	Tax
1TdOj47duO6FyoFikF5I_sJONbbt6fkfY	Pornografi.pdf	Other
1_anJFaYgjlIYAF3xJA6gPJqplt_DvPv2	PP Nomor 28 Tahun 2025 (1).pdf	Other
1a77zxbOjYr6bRioK3hHTawI3fDOgU7_B	PP Nomor 28 Tahun 2025 (3).pdf	Other
10_65TqVQufNnk5CmhgBe8Q-d10K2QOXl	PP Nomor 28 Tahun 2025 - Lampiran II.pdf	Other
16uanP7acW6fYVtPd965K5u4c0MfOkTT_	PP Nomor 28 Tahun 2025 - Lampiran III.pdf	Other
1cvtP7XuAC9iaTfwbLEWYQLTJ9QP93vFh	PP Nomor 28 Tahun 2025 - Lampiran IV.pdf	Other
1TqwcwglmIzG8N_SwC4PZLNZTQ36khbTS	PP Nomor 28 Tahun 2025.pdf	Other
1vqUUjfTYWpOgXa-vxJW3mFlAcSieoJef	PP Nomor 28 Tahun 2025_20251122_163034_d4557b.pdf	Other
1dybFCqLqr5WDBKFdd5357lUTc3s13qVz	PP Nomor 31 Tahun 2013_20251122_163034_f60006.pdf	Other
1a7JeGkUjjotYDpBpopbvxSKbbC-LVEEO	PP Nomor 35 Tahun 2021.pdf	Other
1T16IwXzHGAnjryAUnX98_rwTd2Dp7TR6	PP Nomor 44 Tahun 2022.pdf	Other
1suUkHMgcScLccruVoIrD5RlLTrCcCFLV	PP Nomor 45 Tahun 2019_20251122_163034_335ccc.pdf	Other
1afMg03MEOF8kXDCObbMVQONHZ8oQBox5	PP Nomor 55 Tahun 2022.pdf	Other
1JWvigNzxAF7kHTqRF5R2t7Hc4125viRP	PP Nomor 71 Tahun 2019.pdf	Other
1qraKrLzHg9Cf_VoaGqSgMgOo_t50KOgH	PP TUNAS_Komdigi_26.pdf	Other
1zHvTfxn2oGil5raIXwG5EKsDiOujybuj	PP-18-2021_20251122_163034_943449.pdf	Other
12Kfr6pzahemlsLGpBTi1zHACsIyZ5U_3	PP-40-2023_20251122_163034_db097b.pdf	Other
1qAvZ0He16a_EkLYQFJVnTHWAQTYbyRz6	PP-58-2023_20251122_163034_11e13c.pdf	Other
1xYBHWHnVaECz2_-55kWRpoDFaJmmi-fY	PP_14_2021_Housing_20251122_163034_0c909f.pdf	Other
1C6MC6nSLX0JlDfAPf1dPZs2jClR4qJaf	PP_22_2021_Environment_Protection_20251122_163034_a5e9af.pdf	Other
1RqfLw388LBhuqrPQbdGCRhiVEZvtTcVK	PP_28_2025_PBBR_20251122_163034_adc4d5.pdf	Other
1Qm8hcJZMtyislz8r0ZOB4E9JN_TKUiGv	PP_31_2013_Immigration_Detail_20251122_163034_e71d38.pdf	Other
1Rx56FHHC98hH8OUc2Pg3s_toJ_vN6t4n	PP_35_2021_PKWT_20251122_163034_2610c8.pdf	Other
1w1qTHFoPiqlQpDORmc4mj5ha2-mRTNgs	PP_40_2023_Perubahan_Keempat_PP31_2013_20251122_163034_1db697.pdf	Other
1JGwWUX3dy-AcAN5lOfVhK4atSIDik0PW	PP_48_2021_Perubahan_Ketiga_PP31_2013_20251122_163034_911628.pdf	Other
1DPZaRwovVHoHNKfz3qrRvF-nZJn2-6f1	PP_51_2020_Perubahan_Kedua_PP31_2013_20251122_163034_929447.pdf	Other
1D3BEwQvm1G9UEpbbbFkvuOiq6McYVest	PP_5_2021_OSS_20251122_163034_da02eb.pdf	Other
1fMZbYTWK6XV9jRWNUfvsUFF3rm-VA_wr	PRICE LIST 2025 INTERNAL - PRICE SELLING-2.pdf	Other
1ycNC0lmlhjvNs4A6H56p3Y6BqYL6dvD8	Provinsi Daerah Khusus Jakarta.pdf	Other
1tida2xTLTs3b0IFslJGptwOfK-NWZ37w	Refund-3509-6917.pdf	Other
113J3uyqpi83AzL2AtnG3SNuNEo5mZnoM	Rencana Pembangunan Jangka Panjang Nasional Tahun 2025-2045.pdf	Other
1KHuHv78flAelqZQkVGWMD8elHQb-zikt	Rencana Pembangunan Jangka Panjang Nasional Tahun 2025-2045.pdf	Other
1TQGXgVjDIPFI4QH6tRgUUehyE4oIaOYe	Resume Sarah Sendouw.pdf (1).pdf	Other
1TKLdVFUWRgn7a0irjBfngkSFjKyIsuFO	Rumah Sakit.pdf	Other
1P1VL81HJbgw3Y80ko5w_--iRW962Wzd-	Rumah Sakit.pdf	Other
1Bq1I2cY7KS49P7cyBpAoFU_K8K_sYuls	runpod-invoice-2025-10-13.pdf	Other
1Wh23qcaOVMn_OmF9wSUG9SNzxgPhn3vX	runpod-invoice-2025-10-14.pdf	Other
1cKzKkqx5JCrS_gk0X2O0pDWLAXVQvriy	Sistem Keolahragaan Nasional.pdf	Other
1BwkVJugG8KeNzUERhT0vKzICsrfkve_c	Sistem Keolahragaan Nasional.pdf	Other
1Vh5WfsxZ119uoML1MBlq_l2ZVTYncuVH	Surat Undangan Klarifikasi ke 1 (1).pdf	Other
11JHDi1E1fjCku-sYdZq8S_Y-epI7IxDA	tabanan_kawasan_perkotaan_tabanan_01_51B9_PP.pdf	Other
1HfVmZn_b9_28S10yeSl8YCeDI3l6ICtk	tabanan_kawasan_perkotaan_tabanan_02_51B9_BA_Lampiran.pdf	Other
1fdg2DZTCS5TQm0mlQ4i_zPXFaq7bw4k_	tabanan_kawasan_tanah_lot_01_51D6_PP.pdf	Other
1_FO2qyNm9CipChAnCdrgCq6ItN4VA61-	tabanan_kawasan_tanah_lot_02_51D6_BA_Lampiran.pdf	Other
1oGzkRFvFWZi4wYvaC24JruTgnH0F5xb3	tabanan_selemadeg_barat_01_51C6_PP.pdf	Other
1eXPlqSZbl05IJs2ofFVun3_1F6SfKIaJ	tabanan_selemadeg_barat_02_51C6_BA_Lampiran.pdf	Other
1pPMMxy3MKhUkIVzR_Li6aItLEQDFmo9H	Tax_Compliance_Strategy_Indonesia.pdf	Other
1njaanPZ1bOf7RXZKSe3uQdjNRmSXn6Tw	Tenaga Kesehatan.pdf	Other
1gnmHWvjXaMrz6S0Xqxmueu8cpdrp3vZJ	Tindak Pidana Pencucian Uang.pdf	Other
1G59NplvtMZmAW3AG_4qSvbJ_C3d-2ri0	UU Nomor  19 Tahun 2016.pdf	Other
1wUEtLl75H8rUtB3nH2qKd9ks2PAcJU4U	UU Nomor 1 Tahun 2026.pdf	Other
1ixiVWlVNIERyRX_edJXCPap4Blq4FzcQ	UU Nomor 12 Tahun 2012.pdf	Other
14hs1AqTGnkiiEquab2hLRmQY8W5RMTZX	UU Nomor 15 Tahun 2019.pdf	Other
1P8CfSUU2dV2nSC26pUxtYG_jfRywvCu_	UU Nomor 20 Tahun 2016_20251122_163034_90407b.pdf	Other
10UPE1OdsO7KIHkLBly1cYh-QCEhsgoqS	UU Nomor 20 Tahun 2025.pdf	Other
1nXZnCUkflbQmdfGqGLbBL9G3OABZHqIt	UU Nomor 25 Tahun 2007_20251122_163034_6c0809.pdf	Other
1FhJQwYXT1yDs6w40jZyKZxfo3Fwu4Et4	UU Nomor 28 Tahun 2007 _penjelasan_20251122_163034_d39945.pdf	Other
1p4Tb4upZ_Ww2CqdvThmfkkKkNAlSPldg	UU Nomor 28 Tahun 2007_20251122_163034_1301b8.pdf	Other
1Tdn--drN_qMNzLWJmZplWQkVWu2x6Xwe	UU Nomor 42 Tahun 2009_20251122_163034_4f4466.pdf	Other
1w3XZpd_Cc9J9c-th7ce6ho0-uFRbtszJ	UU PPh No 36 Th 2008_20251122_163034_b3e4cb.pdf	Other
1TR7b0nZSm5wlLM3lu6yC-DPBPhA96oU3	UU-11-2020_20251122_163034_38bf40.pdf	Other
14Gk8GvFFBb64vRr6HDjUfzptE39wgiS-	UU-27-2022_20251122_163035_07f926.pdf	Other
1n2JsfwbfqTfu4_RN1lQaVLZIgn1fweVw	UU-42-2009_20251122_163034_b66d40.pdf	Other
1LHiyA-oK0-e35GtJWi6-BT7dqDMr6CsT	UU-63-2024_20251122_163034_69f2f0.pdf	Other
1Zm6vX2KOa_ihyOT3EZaFfIdO5zw7eVmK	UU_11_2020_Omnibus_Law_20251122_163034_f2e57f.pdf	Other
1Hr-PkhlI4h5uu0ZXWDNkrVH5RQ7c3WXF	UU_12_2012_Pendidikan_Tinggi_20251122_163034_760137.pdf	Other
1q2V4Fau3oTeN3zFeAKzP7BXR24_fS_KO	UU_13_2003_Ketenagakerjaan_20251122_163034_5ff27c.pdf	Other
1UXSS5BW128Dk2ULQn3Zbb-Rym-fgxhR9	UU_13_2003_Manpower_20251122_163034_aba4f9.pdf	Other
16Qgfi3QgBCF1TSfpV1piiP7gbC7D0Mpw	UU_17_2008_Pelayaran_20251122_163034_6aff88.pdf	Other
1csYjsbYto7MPmlG5cRUADZxn09Hbr7kR	UU_17_2008_Shipping_20251122_163034_34831e.pdf	Other
1Krtjm6ocPuKJDS6nL2cEMeC_PsvFNqFZ	UU_18_2008_Persampahan_20251122_163034_06aac1.pdf	Other
1safiEmMK34SsLOe67kFCKFNjqzgMOEES	UU_19_2016_ITE_20251122_163034_f5277a.pdf	Other
1g8zdYeWv_PN93brfdNSU3DEa-bg85uUr	UU_1_1974_Perkawinan_20251122_163034_58faec.pdf	Other
161y3YmewkXq0CDHDtrT_squebi2ZewWX	UU_1_2011_Perumahan_20251122_163034_d92bb0.pdf	Other
1o1p6Sz8RXgFX-z0MCRqkFCBUXuuWJvTB	UU_1_2022_Relations_Central_Regional_20251122_163034_2449fe.pdf	Other
1D3kIlv9t7b4y2nKeVfRF0cA8K0cSSD-Q	UU_20_2003_Education_System_20251122_163034_b0724e.pdf	Other
1fjv5HGGT7WsNoWaU11Dj2SFpR7ml7-jc	UU_20_2016_TKA_20251122_163034_fe6a34.pdf	Other
1qHM137RBOfuNOLtQsehtOLWLt9H5sYRh	UU_21_2008_Sharia_Banking_20251122_163034_a8f533.pdf	Other
1EqhtGRzzPqHVG6AuJ5D6Hsv-GJizI5wv	UU_21_2011_OJK_20251122_163034_2aad03.pdf	Other
1iHk3EnACDq1Cr8YVJpIQI7d6_6GkNNmI	UU_24_2011_BPJS_20251122_163034_756588.pdf	Other
166dh4rDt6hHpR3XI7MH10DhrYgZKpwZE	UU_24_2013_Adminduk_Amendment_20251122_163034_34c5f0.pdf	Other
1A4FI4Qq0pHJjuS-7UVQCK2hcoi-PS5rV	UU_25_2007_Investment_20251122_163034_96c848.pdf	Other
1T72-IQt2dFT5Qj9SaXxHyBaBNHxC9-20	UU_25_2007_Penanaman_Modal_20251122_163034_a901ce.pdf	Other
1IcmPuZyCl-8bCDUFUrqVl9s1qK2mYSt8	UU_29_2004_Medical_Practice_20251122_163034_3e8d7c.pdf	Other
1B9uC5hvQFKZ196R7lmYRtHsmPluopDkq	UU_29_2004_Praktik_Kedokteran_20251122_163034_ca7a95.pdf	Other
1W6ulYT6sUkflJ9VYHnVGyD5JjUehsXtb	UU_2_2017_Construction_20251122_163034_b08088.pdf	Other
1sEnnCOgEcee9AoOtWZ5YVZDtCjPCsdzU	UU_2_2017_Jasa_Konstruksi_20251122_163034_490b7b.pdf	Other
1EKSgTEv5pUofSN8RqnTmOG1DVoObBTlg	UU_31_2004_Fisheries_20251122_163034_2049d6.pdf	Other
1rlLE0pu6FpmmYtLNotdJptwoLl9l9M9g	UU_31_2004_Perikanan_20251122_163034_6aff88.pdf	Other
1gHBCAhk19pGbHZEiMyWFXbMm8JzGsvjq	UU_32_2009_Environment_20251122_163034_8c7441.pdf	Other
10_CAZ30gXbG2RQka7UC6PiLtH6syX5zg	UU_32_2009_Lingkungan_Hidup_20251122_163034_74a018.pdf	Other
15uRuktwr92eHF-xJAez_FKPlr1IudcrX	UU_36_2008_PPh_20251122_163034_388292.pdf	Other
1po52mTLxHIQ2zgNdjWWdlLlRSvHmSibW	UU_36_2009_Health_20251122_163034_4f61bb.pdf	Other
1ICsCDhYIpdpZ2KTGMEj5zn9jDUQg0l41	UU_40_2007_PT_PMA_20251122_163034_5c2c11.pdf	Other
1O7u3DYDa8gC_Ef3g_uD1yhOAuai4gU2n	UU_44_2009_Rumah_Sakit_20251122_163034_2f914b.pdf	Other
1Ufle9MeVO1UNy4QGXgOuFEhMObZaxf4T	UU_4_2023_Financial_Sector_Dev_20251122_163034_e8880d.pdf	Other
1cEk19q0CQD2tqLUMvfWOcMS0SJhHW0R2	UU_4_2023_PPSK_20251122_163034_2aad03.pdf	Other
1tYXBokw6om8iyY7-fw8AvZKl6n0fyFaG	UU_5_1960_Real_Estate_20251122_163034_4b5f11.pdf	Other
1XVEJRY3rUMr22dEDOa0FEwjzvsyhPM18	UU_5_1960_UUPA_20251122_163034_fbf36b.pdf	Other
1mmLcjXElQL_D1hyYsuGc_4NF9vtIPBt1	UU_6_2011_Immigration_20251122_163034_1244ae.pdf	Other
1YBD2PIP3dMfoyKO5uejoWuD1yaQLOOvx	UU_6_2011_Keimigrasian_20251122_163034_123521.pdf	Other
1rPMjLJmInIROBDodPUCyIn6QD0kzuSBf	UU_6_2023_Cipta_Kerja_20251122_163034_739044.pdf	Other
1crHpA5oot1FkuhRu-2SnmDKsMWle2c-X	UU_6_2023_Cipta_Kerja_20251122_163034_956903.pdf	Other
1HQkRFtxORs7kzeQ3SAieDPHBILZ4NbEP	UU_7_1992_Banking_20251122_163034_1ca21a.pdf	Other
1-YKrGHcWt9dGlK3r0yE80L9MH3xXwoGP	UU_7_1992_Perbankan_20251122_163034_76ad5b.pdf	Other
12497adBu4LT6on6RMJ-XHvBpJqcF_NYj	UUD 1945 dan Amandemen.pdf	Other
1QIEhCeUATuNWlTN199KGPY4PooBaqMQL	UUD_1945_Amd1_20251122_163034_a0d9f2.pdf	Other
1MPi6FdvTjCq8xVcdNDM0GN6G55DfA9qk	UUD_1945_Amd2_20251122_163034_7476b5.pdf	Other
1xaCqRkAxWpfoCUCmvyPzKsMugarMQiDt	UUD_1945_Amd3_20251122_163034_2ea2aa.pdf	Other
1KCm14lJf9DIu05cWLVDTuEDMUU-DTjix	UUD_1945_Amd4_20251122_163034_eb7c5a.pdf	Other
1EPj5vwnP3-NS9lDeM-lzY9sq-zE9aWSX	Veteran Republik Indonesia.pdf	Other
1tZo3GKOjAYmkgRllv0NqnYMrLF8gmtd2	Wilayah Negara.pdf	Other
