shot_id,category,pose,expression,crop,lighting,background,outfit,hair,prompt
ZAN-V1-GEN-001,identity,front-facing,neutral calm expression,head and shoulders,soft front light,neutral gray studio background,"ivory silk blouse with delicate gold floral embroidery, small gold hoop earrings","long straight black hair, center part","Ultra-realistic studio portrait of Zantara, the same adult Indonesian woman from the Zantara v1 official reference dataset, consistent facial identity, natural proportions, warm medium skin tone, dark almond-shaped eyes, defined cheekbones, subtle natural makeup, sharp black eyeliner, long straight black hair, center part, ivory silk blouse with delicate gold floral embroidery, small gold hoop earrings, neutral gray studio background, soft front light, realistic skin texture, natural pores, no plastic skin, eye-level camera, photorealistic RAW photograph, single image only, no collage. Pose: front-facing. Expression: neutral calm expression. Crop: head and shoulders."
ZAN-V1-GEN-002,identity,front-facing,slight smile,head and shoulders,soft front light,neutral gray studio background,"ivory silk blouse with delicate gold floral embroidery, small gold hoop earrings","long straight black hair, center part","Ultra-realistic studio portrait of Zantara, the same adult Indonesian woman from the Zantara v1 official reference dataset, consistent facial identity, natural proportions, warm medium skin tone, dark almond-shaped eyes, defined cheekbones, subtle natural makeup, sharp black eyeliner, long straight black hair, center part, ivory silk blouse with delicate gold floral embroidery, small gold hoop earrings, neutral gray studio background, soft front light, realistic skin texture, natural pores, no plastic skin, eye-level camera, photorealistic RAW photograph, single image only, no collage. Pose: front-facing. Expression: slight smile. Crop: head and shoulders."
ZAN-V1-GEN-003,identity,front-facing,serious,head and shoulders,soft front light,neutral gray studio background,"ivory silk blouse with delicate gold floral embroidery, small gold hoop earrings","long straight black hair, center part","Ultra-realistic studio portrait of Zantara, the same adult Indonesian woman from the Zantara v1 official reference dataset, consistent facial identity, natural proportions, warm medium skin tone, dark almond-shaped eyes, defined cheekbones, subtle natural makeup, sharp black eyeliner, long straight black hair, center part, ivory silk blouse with delicate gold floral embroidery, small gold hoop earrings, neutral gray studio background, soft front light, realistic skin texture, natural pores, no plastic skin, eye-level camera, photorealistic RAW photograph, single image only, no collage. Pose: front-facing. Expression: serious. Crop: head and shoulders."
ZAN-V1-GEN-004,identity,front-facing,eyes closed,head and shoulders,soft front light,neutral gray studio background,"ivory silk blouse with delicate gold floral embroidery, small gold hoop earrings","long straight black hair, center part","Ultra-realistic studio portrait of Zantara, the same adult Indonesian woman from the Zantara v1 official reference dataset, consistent facial identity, natural proportions, warm medium skin tone, dark almond-shaped eyes, defined cheekbones, subtle natural makeup, sharp black eyeliner, long straight black hair, center part, ivory silk blouse with delicate gold floral embroidery, small gold hoop earrings, neutral gray studio background, soft front light, realistic skin texture, natural pores, no plastic skin, eye-level camera, photorealistic RAW photograph, single image only, no collage. Pose: front-facing. Expression: eyes closed. Crop: head and shoulders."
ZAN-V1-GEN-005,identity,"front-facing, looking down",calm introspective,head and shoulders,soft front light,neutral gray studio background,"ivory silk blouse with delicate gold floral embroidery, small gold hoop earrings","long straight black hair, center part","Ultra-realistic studio portrait of Zantara, the same adult Indonesian woman from the Zantara v1 official reference dataset, consistent facial identity, natural proportions, warm medium skin tone, dark almond-shaped eyes, defined cheekbones, subtle natural makeup, sharp black eyeliner, long straight black hair, center part, ivory silk blouse with delicate gold floral embroidery, small gold hoop earrings, neutral gray studio background, soft front light, realistic skin texture, natural pores, no plastic skin, eye-level camera, photorealistic RAW photograph, single image only, no collage. Pose: front-facing, looking down. Expression: calm introspective. Crop: head and shoulders."
ZAN-V1-GEN-006,identity,"front-facing, looking camera-left",neutral,head and shoulders,soft front light,neutral gray studio background,"ivory silk blouse with delicate gold floral embroidery, small gold hoop earrings","long straight black hair, center part","Ultra-realistic studio portrait of Zantara, the same adult Indonesian woman from the Zantara v1 official reference dataset, consistent facial identity, natural proportions, warm medium skin tone, dark almond-shaped eyes, defined cheekbones, subtle natural makeup, sharp black eyeliner, long straight black hair, center part, ivory silk blouse with delicate gold floral embroidery, small gold hoop earrings, neutral gray studio background, soft front light, realistic skin texture, natural pores, no plastic skin, eye-level camera, photorealistic RAW photograph, single image only, no collage. Pose: front-facing, looking camera-left. Expression: neutral. Crop: head and shoulders."
ZAN-V1-GEN-007,identity,"front-facing, looking camera-right",neutral,head and shoulders,soft front light,neutral gray studio background,"ivory silk blouse with delicate gold floral embroidery, small gold hoop earrings","long straight black hair, center part","Ultra-realistic studio portrait of Zantara, the same adult Indonesian woman from the Zantara v1 official reference dataset, consistent facial identity, natural proportions, warm medium skin tone, dark almond-shaped eyes, defined cheekbones, subtle natural makeup, sharp black eyeliner, long straight black hair, center part, ivory silk blouse with delicate gold floral embroidery, small gold hoop earrings, neutral gray studio background, soft front light, realistic skin texture, natural pores, no plastic skin, eye-level camera, photorealistic RAW photograph, single image only, no collage. Pose: front-facing, looking camera-right. Expression: neutral. Crop: head and shoulders."
ZAN-V1-GEN-008,identity,three-quarter left,neutral,head and shoulders,soft front light,neutral gray studio background,"ivory silk blouse with delicate gold floral embroidery, small gold hoop earrings","long straight black hair, center part","Ultra-realistic studio portrait of Zantara, the same adult Indonesian woman from the Zantara v1 official reference dataset, consistent facial identity, natural proportions, warm medium skin tone, dark almond-shaped eyes, defined cheekbones, subtle natural makeup, sharp black eyeliner, long straight black hair, center part, ivory silk blouse with delicate gold floral embroidery, small gold hoop earrings, neutral gray studio background, soft front light, realistic skin texture, natural pores, no plastic skin, eye-level camera, photorealistic RAW photograph, single image only, no collage. Pose: three-quarter left. Expression: neutral. Crop: head and shoulders."
ZAN-V1-GEN-009,identity,three-quarter right,neutral,head and shoulders,soft front light,neutral gray studio background,"ivory silk blouse with delicate gold floral embroidery, small gold hoop earrings","long straight black hair, center part","Ultra-realistic studio portrait of Zantara, the same adult Indonesian woman from the Zantara v1 official reference dataset, consistent facial identity, natural proportions, warm medium skin tone, dark almond-shaped eyes, defined cheekbones, subtle natural makeup, sharp black eyeliner, long straight black hair, center part, ivory silk blouse with delicate gold floral embroidery, small gold hoop earrings, neutral gray studio background, soft front light, realistic skin texture, natural pores, no plastic skin, eye-level camera, photorealistic RAW photograph, single image only, no collage. Pose: three-quarter right. Expression: neutral. Crop: head and shoulders."
ZAN-V1-GEN-010,identity,left profile 90 degrees,neutral,head and shoulders,soft side light,neutral gray studio background,"ivory silk blouse with delicate gold floral embroidery, small gold hoop earrings","long straight black hair, center part","Ultra-realistic studio portrait of Zantara, the same adult Indonesian woman from the Zantara v1 official reference dataset, consistent facial identity, natural proportions, warm medium skin tone, dark almond-shaped eyes, defined cheekbones, subtle natural makeup, sharp black eyeliner, long straight black hair, center part, ivory silk blouse with delicate gold floral embroidery, small gold hoop earrings, neutral gray studio background, soft side light, realistic skin texture, natural pores, no plastic skin, eye-level camera, photorealistic RAW photograph, single image only, no collage. Pose: left profile 90 degrees. Expression: neutral. Crop: head and shoulders."
ZAN-V1-GEN-011,identity,right profile 90 degrees,neutral,head and shoulders,soft side light,neutral gray studio background,"ivory silk blouse with delicate gold floral embroidery, small gold hoop earrings","long straight black hair, center part","Ultra-realistic studio portrait of Zantara, the same adult Indonesian woman from the Zantara v1 official reference dataset, consistent facial identity, natural proportions, warm medium skin tone, dark almond-shaped eyes, defined cheekbones, subtle natural makeup, sharp black eyeliner, long straight black hair, center part, ivory silk blouse with delicate gold floral embroidery, small gold hoop earrings, neutral gray studio background, soft side light, realistic skin texture, natural pores, no plastic skin, eye-level camera, photorealistic RAW photograph, single image only, no collage. Pose: right profile 90 degrees. Expression: neutral. Crop: head and shoulders."
ZAN-V1-GEN-012,identity,back view,not applicable,shoulders and hair,soft back rim light,neutral gray studio background,"ivory silk blouse with delicate gold floral embroidery, small gold hoop earrings","long straight black hair, center part","Ultra-realistic studio portrait of Zantara, the same adult Indonesian woman from the Zantara v1 official reference dataset, consistent facial identity, natural proportions, warm medium skin tone, dark almond-shaped eyes, defined cheekbones, subtle natural makeup, sharp black eyeliner, long straight black hair, center part, ivory silk blouse with delicate gold floral embroidery, small gold hoop earrings, neutral gray studio background, soft back rim light, realistic skin texture, natural pores, no plastic skin, eye-level camera, photorealistic RAW photograph, single image only, no collage. Pose: back view. Expression: not applicable. Crop: shoulders and hair."
ZAN-V1-GEN-013,expression,front-facing,calm,headshot,diffused studio light,neutral gray studio background,"ivory silk blouse with delicate gold floral embroidery, small gold hoop earrings","long straight black hair, center part","Ultra-realistic studio portrait of Zantara, the same adult Indonesian woman from the Zantara v1 official reference dataset, consistent facial identity, natural proportions, warm medium skin tone, dark almond-shaped eyes, defined cheekbones, subtle natural makeup, sharp black eyeliner, long straight black hair, center part, ivory silk blouse with delicate gold floral embroidery, small gold hoop earrings, neutral gray studio background, diffused studio light, realistic skin texture, natural pores, no plastic skin, eye-level camera, photorealistic RAW photograph, single image only, no collage. Pose: front-facing. Expression: calm. Crop: headshot."
ZAN-V1-GEN-014,expression,front-facing,closed-mouth smile,headshot,diffused studio light,neutral gray studio background,"ivory silk blouse with delicate gold floral embroidery, small gold hoop earrings","long straight black hair, center part","Ultra-realistic studio portrait of Zantara, the same adult Indonesian woman from the Zantara v1 official reference dataset, consistent facial identity, natural proportions, warm medium skin tone, dark almond-shaped eyes, defined cheekbones, subtle natural makeup, sharp black eyeliner, long straight black hair, center part, ivory silk blouse with delicate gold floral embroidery, small gold hoop earrings, neutral gray studio background, diffused studio light, realistic skin texture, natural pores, no plastic skin, eye-level camera, photorealistic RAW photograph, single image only, no collage. Pose: front-facing. Expression: closed-mouth smile. Crop: headshot."
ZAN-V1-GEN-015,expression,front-facing,open natural smile,headshot,diffused studio light,neutral gray studio background,"ivory silk blouse with delicate gold floral embroidery, small gold hoop earrings","long straight black hair, center part","Ultra-realistic studio portrait of Zantara, the same adult Indonesian woman from the Zantara v1 official reference dataset, consistent facial identity, natural proportions, warm medium skin tone, dark almond-shaped eyes, defined cheekbones, subtle natural makeup, sharp black eyeliner, long straight black hair, center part, ivory silk blouse with delicate gold floral embroidery, small gold hoop earrings, neutral gray studio background, diffused studio light, realistic skin texture, natural pores, no plastic skin, eye-level camera, photorealistic RAW photograph, single image only, no collage. Pose: front-facing. Expression: open natural smile. Crop: headshot."
ZAN-V1-GEN-016,expression,front-facing,confident,headshot,diffused studio light,neutral gray studio background,"ivory silk blouse with delicate gold floral embroidery, small gold hoop earrings","long straight black hair, center part","Ultra-realistic studio portrait of Zantara, the same adult Indonesian woman from the Zantara v1 official reference dataset, consistent facial identity, natural proportions, warm medium skin tone, dark almond-shaped eyes, defined cheekbones, subtle natural makeup, sharp black eyeliner, long straight black hair, center part, ivory silk blouse with delicate gold floral embroidery, small gold hoop earrings, neutral gray studio background, diffused studio light, realistic skin texture, natural pores, no plastic skin, eye-level camera, photorealistic RAW photograph, single image only, no collage. Pose: front-facing. Expression: confident. Crop: headshot."
ZAN-V1-GEN-017,expression,front-facing,thoughtful,headshot,diffused studio light,neutral gray studio background,"ivory silk blouse with delicate gold floral embroidery, small gold hoop earrings","long straight black hair, center part","Ultra-realistic studio portrait of Zantara, the same adult Indonesian woman from the Zantara v1 official reference dataset, consistent facial identity, natural proportions, warm medium skin tone, dark almond-shaped eyes, defined cheekbones, subtle natural makeup, sharp black eyeliner, long straight black hair, center part, ivory silk blouse with delicate gold floral embroidery, small gold hoop earrings, neutral gray studio background, diffused studio light, realistic skin texture, natural pores, no plastic skin, eye-level camera, photorealistic RAW photograph, single image only, no collage. Pose: front-facing. Expression: thoughtful. Crop: headshot."
ZAN-V1-GEN-018,expression,front-facing,slightly surprised,headshot,diffused studio light,neutral gray studio background,"ivory silk blouse with delicate gold floral embroidery, small gold hoop earrings","long straight black hair, center part","Ultra-realistic studio portrait of Zantara, the same adult Indonesian woman from the Zantara v1 official reference dataset, consistent facial identity, natural proportions, warm medium skin tone, dark almond-shaped eyes, defined cheekbones, subtle natural makeup, sharp black eyeliner, long straight black hair, center part, ivory silk blouse with delicate gold floral embroidery, small gold hoop earrings, neutral gray studio background, diffused studio light, realistic skin texture, natural pores, no plastic skin, eye-level camera, photorealistic RAW photograph, single image only, no collage. Pose: front-facing. Expression: slightly surprised. Crop: headshot."
ZAN-V1-GEN-019,expression,front-facing,relaxed,headshot,diffused studio light,neutral gray studio background,"ivory silk blouse with delicate gold floral embroidery, small gold hoop earrings","long straight black hair, center part","Ultra-realistic studio portrait of Zantara, the same adult Indonesian woman from the Zantara v1 official reference dataset, consistent facial identity, natural proportions, warm medium skin tone, dark almond-shaped eyes, defined cheekbones, subtle natural makeup, sharp black eyeliner, long straight black hair, center part, ivory silk blouse with delicate gold floral embroidery, small gold hoop earrings, neutral gray studio background, diffused studio light, realistic skin texture, natural pores, no plastic skin, eye-level camera, photorealistic RAW photograph, single image only, no collage. Pose: front-facing. Expression: relaxed. Crop: headshot."
ZAN-V1-GEN-020,expression,front-facing,intense,headshot,diffused studio light,neutral gray studio background,"ivory silk blouse with delicate gold floral embroidery, small gold hoop earrings","long straight black hair, center part","Ultra-realistic studio portrait of Zantara, the same adult Indonesian woman from the Zantara v1 official reference dataset, consistent facial identity, natural proportions, warm medium skin tone, dark almond-shaped eyes, defined cheekbones, subtle natural makeup, sharp black eyeliner, long straight black hair, center part, ivory silk blouse with delicate gold floral embroidery, small gold hoop earrings, neutral gray studio background, diffused studio light, realistic skin texture, natural pores, no plastic skin, eye-level camera, photorealistic RAW photograph, single image only, no collage. Pose: front-facing. Expression: intense. Crop: headshot."
ZAN-V1-GEN-021,expression,front-facing,micro-smile,headshot,diffused studio light,neutral gray studio background,"ivory silk blouse with delicate gold floral embroidery, small gold hoop earrings","long straight black hair, center part","Ultra-realistic studio portrait of Zantara, the same adult Indonesian woman from the Zantara v1 official reference dataset, consistent facial identity, natural proportions, warm medium skin tone, dark almond-shaped eyes, defined cheekbones, subtle natural makeup, sharp black eyeliner, long straight black hair, center part, ivory silk blouse with delicate gold floral embroidery, small gold hoop earrings, neutral gray studio background, diffused studio light, realistic skin texture, natural pores, no plastic skin, eye-level camera, photorealistic RAW photograph, single image only, no collage. Pose: front-facing. Expression: micro-smile. Crop: headshot."
ZAN-V1-GEN-022,expression,"front-facing, chin slightly high",secure and composed,headshot,diffused studio light,neutral gray studio background,"ivory silk blouse with delicate gold floral embroidery, small gold hoop earrings","long straight black hair, center part","Ultra-realistic studio portrait of Zantara, the same adult Indonesian woman from the Zantara v1 official reference dataset, consistent facial identity, natural proportions, warm medium skin tone, dark almond-shaped eyes, defined cheekbones, subtle natural makeup, sharp black eyeliner, long straight black hair, center part, ivory silk blouse with delicate gold floral embroidery, small gold hoop earrings, neutral gray studio background, diffused studio light, realistic skin texture, natural pores, no plastic skin, eye-level camera, photorealistic RAW photograph, single image only, no collage. Pose: front-facing, chin slightly high. Expression: secure and composed. Crop: headshot."
ZAN-V1-GEN-023,expression,front-facing,protective serious,headshot,diffused studio light,neutral gray studio background,"ivory silk blouse with delicate gold floral embroidery, small gold hoop earrings","long straight black hair, center part","Ultra-realistic studio portrait of Zantara, the same adult Indonesian woman from the Zantara v1 official reference dataset, consistent facial identity, natural proportions, warm medium skin tone, dark almond-shaped eyes, defined cheekbones, subtle natural makeup, sharp black eyeliner, long straight black hair, center part, ivory silk blouse with delicate gold floral embroidery, small gold hoop earrings, neutral gray studio background, diffused studio light, realistic skin texture, natural pores, no plastic skin, eye-level camera, photorealistic RAW photograph, single image only, no collage. Pose: front-facing. Expression: protective serious. Crop: headshot."
ZAN-V1-GEN-024,expression,front-facing,warm attentive,headshot,diffused studio light,neutral gray studio background,"ivory silk blouse with delicate gold floral embroidery, small gold hoop earrings","long straight black hair, center part","Ultra-realistic studio portrait of Zantara, the same adult Indonesian woman from the Zantara v1 official reference dataset, consistent facial identity, natural proportions, warm medium skin tone, dark almond-shaped eyes, defined cheekbones, subtle natural makeup, sharp black eyeliner, long straight black hair, center part, ivory silk blouse with delicate gold floral embroidery, small gold hoop earrings, neutral gray studio background, diffused studio light, realistic skin texture, natural pores, no plastic skin, eye-level camera, photorealistic RAW photograph, single image only, no collage. Pose: front-facing. Expression: warm attentive. Crop: headshot."
ZAN-V1-GEN-025,expression,front-facing,determined,headshot,diffused studio light,neutral gray studio background,"ivory silk blouse with delicate gold floral embroidery, small gold hoop earrings","long straight black hair, center part","Ultra-realistic studio portrait of Zantara, the same adult Indonesian woman from the Zantara v1 official reference dataset, consistent facial identity, natural proportions, warm medium skin tone, dark almond-shaped eyes, defined cheekbones, subtle natural makeup, sharp black eyeliner, long straight black hair, center part, ivory silk blouse with delicate gold floral embroidery, small gold hoop earrings, neutral gray studio background, diffused studio light, realistic skin texture, natural pores, no plastic skin, eye-level camera, photorealistic RAW photograph, single image only, no collage. Pose: front-facing. Expression: determined. Crop: headshot."
ZAN-V1-GEN-026,expression,front-facing,archival calm,headshot,diffused studio light,neutral gray studio background,"ivory silk blouse with delicate gold floral embroidery, small gold hoop earrings","long straight black hair, center part","Ultra-realistic studio portrait of Zantara, the same adult Indonesian woman from the Zantara v1 official reference dataset, consistent facial identity, natural proportions, warm medium skin tone, dark almond-shaped eyes, defined cheekbones, subtle natural makeup, sharp black eyeliner, long straight black hair, center part, ivory silk blouse with delicate gold floral embroidery, small gold hoop earrings, neutral gray studio background, diffused studio light, realistic skin texture, natural pores, no plastic skin, eye-level camera, photorealistic RAW photograph, single image only, no collage. Pose: front-facing. Expression: archival calm. Crop: headshot."
ZAN-V1-GEN-027,expression,front-facing,"soft laugh, natural and controlled",headshot,diffused studio light,neutral gray studio background,"ivory silk blouse with delicate gold floral embroidery, small gold hoop earrings","long straight black hair, center part","Ultra-realistic studio portrait of Zantara, the same adult Indonesian woman from the Zantara v1 official reference dataset, consistent facial identity, natural proportions, warm medium skin tone, dark almond-shaped eyes, defined cheekbones, subtle natural makeup, sharp black eyeliner, long straight black hair, center part, ivory silk blouse with delicate gold floral embroidery, small gold hoop earrings, neutral gray studio background, diffused studio light, realistic skin texture, natural pores, no plastic skin, eye-level camera, photorealistic RAW photograph, single image only, no collage. Pose: front-facing. Expression: soft laugh, natural and controlled. Crop: headshot."
ZAN-V1-GEN-028,expression,front-facing,eyes closed calm,headshot,diffused studio light,neutral gray studio background,"ivory silk blouse with delicate gold floral embroidery, small gold hoop earrings","long straight black hair, center part","Ultra-realistic studio portrait of Zantara, the same adult Indonesian woman from the Zantara v1 official reference dataset, consistent facial identity, natural proportions, warm medium skin tone, dark almond-shaped eyes, defined cheekbones, subtle natural makeup, sharp black eyeliner, long straight black hair, center part, ivory silk blouse with delicate gold floral embroidery, small gold hoop earrings, neutral gray studio background, diffused studio light, realistic skin texture, natural pores, no plastic skin, eye-level camera, photorealistic RAW photograph, single image only, no collage. Pose: front-facing. Expression: eyes closed calm. Crop: headshot."
ZAN-V1-GEN-029,crop,front-facing,neutral,close-up face,soft front light,neutral gray studio background,"ivory silk blouse with delicate gold floral embroidery, small gold hoop earrings","long straight black hair, center part","Ultra-realistic studio portrait of Zantara, the same adult Indonesian woman from the Zantara v1 official reference dataset, consistent facial identity, natural proportions, warm medium skin tone, dark almond-shaped eyes, defined cheekbones, subtle natural makeup, sharp black eyeliner, long straight black hair, center part, ivory silk blouse with delicate gold floral embroidery, small gold hoop earrings, neutral gray studio background, soft front light, realistic skin texture, natural pores, no plastic skin, eye-level camera, photorealistic RAW photograph, single image only, no collage. Pose: front-facing. Expression: neutral. Crop: close-up face."
ZAN-V1-GEN-030,crop,front-facing,neutral,headshot,soft front light,neutral gray studio background,"ivory silk blouse with delicate gold floral embroidery, small gold hoop earrings","long straight black hair, center part","Ultra-realistic studio portrait of Zantara, the same adult Indonesian woman from the Zantara v1 official reference dataset, consistent facial identity, natural proportions, warm medium skin tone, dark almond-shaped eyes, defined cheekbones, subtle natural makeup, sharp black eyeliner, long straight black hair, center part, ivory silk blouse with delicate gold floral embroidery, small gold hoop earrings, neutral gray studio background, soft front light, realistic skin texture, natural pores, no plastic skin, eye-level camera, photorealistic RAW photograph, single image only, no collage. Pose: front-facing. Expression: neutral. Crop: headshot."
ZAN-V1-GEN-031,crop,front-facing,neutral,shoulders,soft front light,neutral gray studio background,"ivory silk blouse with delicate gold floral embroidery, small gold hoop earrings","long straight black hair, center part","Ultra-realistic studio portrait of Zantara, the same adult Indonesian woman from the Zantara v1 official reference dataset, consistent facial identity, natural proportions, warm medium skin tone, dark almond-shaped eyes, defined cheekbones, subtle natural makeup, sharp black eyeliner, long straight black hair, center part, ivory silk blouse with delicate gold floral embroidery, small gold hoop earrings, neutral gray studio background, soft front light, realistic skin texture, natural pores, no plastic skin, eye-level camera, photorealistic RAW photograph, single image only, no collage. Pose: front-facing. Expression: neutral. Crop: shoulders."
ZAN-V1-GEN-032,crop,front-facing,neutral,bust portrait,soft front light,neutral gray studio background,"ivory silk blouse with delicate gold floral embroidery, small gold hoop earrings","long straight black hair, center part","Ultra-realistic studio portrait of Zantara, the same adult Indonesian woman from the Zantara v1 official reference dataset, consistent facial identity, natural proportions, warm medium skin tone, dark almond-shaped eyes, defined cheekbones, subtle natural makeup, sharp black eyeliner, long straight black hair, center part, ivory silk blouse with delicate gold floral embroidery, small gold hoop earrings, neutral gray studio background, soft front light, realistic skin texture, natural pores, no plastic skin, eye-level camera, photorealistic RAW photograph, single image only, no collage. Pose: front-facing. Expression: neutral. Crop: bust portrait."
ZAN-V1-GEN-033,crop,front-facing,neutral,half body,soft front light,neutral gray studio background,"ivory silk blouse with delicate gold floral embroidery, small gold hoop earrings","long straight black hair, center part","Ultra-realistic studio portrait of Zantara, the same adult Indonesian woman from the Zantara v1 official reference dataset, consistent facial identity, natural proportions, warm medium skin tone, dark almond-shaped eyes, defined cheekbones, subtle natural makeup, sharp black eyeliner, long straight black hair, center part, ivory silk blouse with delicate gold floral embroidery, small gold hoop earrings, neutral gray studio background, soft front light, realistic skin texture, natural pores, no plastic skin, eye-level camera, photorealistic RAW photograph, single image only, no collage. Pose: front-facing. Expression: neutral. Crop: half body."
ZAN-V1-GEN-034,crop,front-facing,neutral,three-quarter body,soft front light,neutral gray studio background,"ivory silk blouse with delicate gold floral embroidery, small gold hoop earrings","long straight black hair, center part","Ultra-realistic studio portrait of Zantara, the same adult Indonesian woman from the Zantara v1 official reference dataset, consistent facial identity, natural proportions, warm medium skin tone, dark almond-shaped eyes, defined cheekbones, subtle natural makeup, sharp black eyeliner, long straight black hair, center part, ivory silk blouse with delicate gold floral embroidery, small gold hoop earrings, neutral gray studio background, soft front light, realistic skin texture, natural pores, no plastic skin, eye-level camera, photorealistic RAW photograph, single image only, no collage. Pose: front-facing. Expression: neutral. Crop: three-quarter body."
ZAN-V1-GEN-035,crop,front-facing,neutral,full body,soft front light,neutral gray studio background,"ivory silk blouse with delicate gold floral embroidery, small gold hoop earrings","long straight black hair, center part","Ultra-realistic studio portrait of Zantara, the same adult Indonesian woman from the Zantara v1 official reference dataset, consistent facial identity, natural proportions, warm medium skin tone, dark almond-shaped eyes, defined cheekbones, subtle natural makeup, sharp black eyeliner, long straight black hair, center part, ivory silk blouse with delicate gold floral embroidery, small gold hoop earrings, neutral gray studio background, soft front light, realistic skin texture, natural pores, no plastic skin, eye-level camera, photorealistic RAW photograph, single image only, no collage. Pose: front-facing. Expression: neutral. Crop: full body."
ZAN-V1-GEN-036,crop,"sitting, front-facing",neutral,half body seated,soft front light,neutral gray studio background,"ivory silk blouse with delicate gold floral embroidery, small gold hoop earrings","long straight black hair, center part","Ultra-realistic studio portrait of Zantara, the same adult Indonesian woman from the Zantara v1 official reference dataset, consistent facial identity, natural proportions, warm medium skin tone, dark almond-shaped eyes, defined cheekbones, subtle natural makeup, sharp black eyeliner, long straight black hair, center part, ivory silk blouse with delicate gold floral embroidery, small gold hoop earrings, neutral gray studio background, soft front light, realistic skin texture, natural pores, no plastic skin, eye-level camera, photorealistic RAW photograph, single image only, no collage. Pose: sitting, front-facing. Expression: neutral. Crop: half body seated."
ZAN-V1-GEN-037,crop,front-facing,neutral,wide portrait with negative space,soft front light,neutral gray studio background,"ivory silk blouse with delicate gold floral embroidery, small gold hoop earrings","long straight black hair, center part","Ultra-realistic studio portrait of Zantara, the same adult Indonesian woman from the Zantara v1 official reference dataset, consistent facial identity, natural proportions, warm medium skin tone, dark almond-shaped eyes, defined cheekbones, subtle natural makeup, sharp black eyeliner, long straight black hair, center part, ivory silk blouse with delicate gold floral embroidery, small gold hoop earrings, neutral gray studio background, soft front light, realistic skin texture, natural pores, no plastic skin, eye-level camera, photorealistic RAW photograph, single image only, no collage. Pose: front-facing. Expression: neutral. Crop: wide portrait with negative space."
ZAN-V1-GEN-038,crop,three-quarter right,neutral,wide portrait with negative space,soft front light,neutral gray studio background,"ivory silk blouse with delicate gold floral embroidery, small gold hoop earrings","long straight black hair, center part","Ultra-realistic studio portrait of Zantara, the same adult Indonesian woman from the Zantara v1 official reference dataset, consistent facial identity, natural proportions, warm medium skin tone, dark almond-shaped eyes, defined cheekbones, subtle natural makeup, sharp black eyeliner, long straight black hair, center part, ivory silk blouse with delicate gold floral embroidery, small gold hoop earrings, neutral gray studio background, soft front light, realistic skin texture, natural pores, no plastic skin, eye-level camera, photorealistic RAW photograph, single image only, no collage. Pose: three-quarter right. Expression: neutral. Crop: wide portrait with negative space."
ZAN-V1-GEN-039,crop,right profile,neutral,bust profile portrait,soft side light,neutral gray studio background,"ivory silk blouse with delicate gold floral embroidery, small gold hoop earrings","long straight black hair, center part","Ultra-realistic studio portrait of Zantara, the same adult Indonesian woman from the Zantara v1 official reference dataset, consistent facial identity, natural proportions, warm medium skin tone, dark almond-shaped eyes, defined cheekbones, subtle natural makeup, sharp black eyeliner, long straight black hair, center part, ivory silk blouse with delicate gold floral embroidery, small gold hoop earrings, neutral gray studio background, soft side light, realistic skin texture, natural pores, no plastic skin, eye-level camera, photorealistic RAW photograph, single image only, no collage. Pose: right profile. Expression: neutral. Crop: bust profile portrait."
ZAN-V1-GEN-040,crop,"standing, front-facing",neutral,full body standing,soft front light,neutral gray studio background,"ivory silk blouse with delicate gold floral embroidery, small gold hoop earrings","long straight black hair, center part","Ultra-realistic studio portrait of Zantara, the same adult Indonesian woman from the Zantara v1 official reference dataset, consistent facial identity, natural proportions, warm medium skin tone, dark almond-shaped eyes, defined cheekbones, subtle natural makeup, sharp black eyeliner, long straight black hair, center part, ivory silk blouse with delicate gold floral embroidery, small gold hoop earrings, neutral gray studio background, soft front light, realistic skin texture, natural pores, no plastic skin, eye-level camera, photorealistic RAW photograph, single image only, no collage. Pose: standing, front-facing. Expression: neutral. Crop: full body standing."
ZAN-V1-GEN-041,lighting,front-facing,neutral,head and shoulders,side light from camera-left,neutral gray studio background,"ivory silk blouse with delicate gold floral embroidery, small gold hoop earrings","long straight black hair, center part","Ultra-realistic studio portrait of Zantara, the same adult Indonesian woman from the Zantara v1 official reference dataset, consistent facial identity, natural proportions, warm medium skin tone, dark almond-shaped eyes, defined cheekbones, subtle natural makeup, sharp black eyeliner, long straight black hair, center part, ivory silk blouse with delicate gold floral embroidery, small gold hoop earrings, neutral gray studio background, side light from camera-left, realistic skin texture, natural pores, no plastic skin, eye-level camera, photorealistic RAW photograph, single image only, no collage. Pose: front-facing. Expression: neutral. Crop: head and shoulders."
ZAN-V1-GEN-042,lighting,front-facing,neutral,head and shoulders,side light from camera-right,neutral gray studio background,"ivory silk blouse with delicate gold floral embroidery, small gold hoop earrings","long straight black hair, center part","Ultra-realistic studio portrait of Zantara, the same adult Indonesian woman from the Zantara v1 official reference dataset, consistent facial identity, natural proportions, warm medium skin tone, dark almond-shaped eyes, defined cheekbones, subtle natural makeup, sharp black eyeliner, long straight black hair, center part, ivory silk blouse with delicate gold floral embroidery, small gold hoop earrings, neutral gray studio background, side light from camera-right, realistic skin texture, natural pores, no plastic skin, eye-level camera, photorealistic RAW photograph, single image only, no collage. Pose: front-facing. Expression: neutral. Crop: head and shoulders."
ZAN-V1-GEN-043,lighting,front-facing,neutral,head and shoulders,slightly dramatic editorial light,dark neutral gray studio background,"ivory silk blouse with delicate gold floral embroidery, small gold hoop earrings","long straight black hair, center part","Ultra-realistic studio portrait of Zantara, the same adult Indonesian woman from the Zantara v1 official reference dataset, consistent facial identity, natural proportions, warm medium skin tone, dark almond-shaped eyes, defined cheekbones, subtle natural makeup, sharp black eyeliner, long straight black hair, center part, ivory silk blouse with delicate gold floral embroidery, small gold hoop earrings, dark neutral gray studio background, slightly dramatic editorial light, realistic skin texture, natural pores, no plastic skin, eye-level camera, photorealistic RAW photograph, single image only, no collage. Pose: front-facing. Expression: neutral. Crop: head and shoulders."
ZAN-V1-GEN-044,lighting,front-facing,neutral,head and shoulders,high-key soft studio light,white studio background,"ivory silk blouse with delicate gold floral embroidery, small gold hoop earrings","long straight black hair, center part","Ultra-realistic studio portrait of Zantara, the same adult Indonesian woman from the Zantara v1 official reference dataset, consistent facial identity, natural proportions, warm medium skin tone, dark almond-shaped eyes, defined cheekbones, subtle natural makeup, sharp black eyeliner, long straight black hair, center part, ivory silk blouse with delicate gold floral embroidery, small gold hoop earrings, white studio background, high-key soft studio light, realistic skin texture, natural pores, no plastic skin, eye-level camera, photorealistic RAW photograph, single image only, no collage. Pose: front-facing. Expression: neutral. Crop: head and shoulders."
ZAN-V1-GEN-045,lighting,front-facing,neutral,head and shoulders,warm diffused studio light,beige neutral studio background,"ivory silk blouse with delicate gold floral embroidery, small gold hoop earrings","long straight black hair, center part","Ultra-realistic studio portrait of Zantara, the same adult Indonesian woman from the Zantara v1 official reference dataset, consistent facial identity, natural proportions, warm medium skin tone, dark almond-shaped eyes, defined cheekbones, subtle natural makeup, sharp black eyeliner, long straight black hair, center part, ivory silk blouse with delicate gold floral embroidery, small gold hoop earrings, beige neutral studio background, warm diffused studio light, realistic skin texture, natural pores, no plastic skin, eye-level camera, photorealistic RAW photograph, single image only, no collage. Pose: front-facing. Expression: neutral. Crop: head and shoulders."
ZAN-V1-GEN-046,lighting,front-facing,neutral,head and shoulders,cool diffused studio light,neutral gray studio background,"ivory silk blouse with delicate gold floral embroidery, small gold hoop earrings","long straight black hair, center part","Ultra-realistic studio portrait of Zantara, the same adult Indonesian woman from the Zantara v1 official reference dataset, consistent facial identity, natural proportions, warm medium skin tone, dark almond-shaped eyes, defined cheekbones, subtle natural makeup, sharp black eyeliner, long straight black hair, center part, ivory silk blouse with delicate gold floral embroidery, small gold hoop earrings, neutral gray studio background, cool diffused studio light, realistic skin texture, natural pores, no plastic skin, eye-level camera, photorealistic RAW photograph, single image only, no collage. Pose: front-facing. Expression: neutral. Crop: head and shoulders."
ZAN-V1-GEN-047,lighting,front-facing,neutral,head and shoulders,warm amber side light from camera-left,neutral gray studio background,"ivory silk blouse with delicate gold floral embroidery, small gold hoop earrings","long straight black hair, center part","Ultra-realistic studio portrait of Zantara, the same adult Indonesian woman from the Zantara v1 official reference dataset, consistent facial identity, natural proportions, warm medium skin tone, dark almond-shaped eyes, defined cheekbones, subtle natural makeup, sharp black eyeliner, long straight black hair, center part, ivory silk blouse with delicate gold floral embroidery, small gold hoop earrings, neutral gray studio background, warm amber side light from camera-left, realistic skin texture, natural pores, no plastic skin, eye-level camera, photorealistic RAW photograph, single image only, no collage. Pose: front-facing. Expression: neutral. Crop: head and shoulders."
ZAN-V1-GEN-048,lighting,front-facing,neutral,head and shoulders,soft rim light behind hair,neutral gray studio background,"ivory silk blouse with delicate gold floral embroidery, small gold hoop earrings","long straight black hair, center part","Ultra-realistic studio portrait of Zantara, the same adult Indonesian woman from the Zantara v1 official reference dataset, consistent facial identity, natural proportions, warm medium skin tone, dark almond-shaped eyes, defined cheekbones, subtle natural makeup, sharp black eyeliner, long straight black hair, center part, ivory silk blouse with delicate gold floral embroidery, small gold hoop earrings, neutral gray studio background, soft rim light behind hair, realistic skin texture, natural pores, no plastic skin, eye-level camera, photorealistic RAW photograph, single image only, no collage. Pose: front-facing. Expression: neutral. Crop: head and shoulders."
ZAN-V1-GEN-049,lighting,front-facing,neutral,head and shoulders,low-contrast beauty light,neutral gray studio background,"ivory silk blouse with delicate gold floral embroidery, small gold hoop earrings","long straight black hair, center part","Ultra-realistic studio portrait of Zantara, the same adult Indonesian woman from the Zantara v1 official reference dataset, consistent facial identity, natural proportions, warm medium skin tone, dark almond-shaped eyes, defined cheekbones, subtle natural makeup, sharp black eyeliner, long straight black hair, center part, ivory silk blouse with delicate gold floral embroidery, small gold hoop earrings, neutral gray studio background, low-contrast beauty light, realistic skin texture, natural pores, no plastic skin, eye-level camera, photorealistic RAW photograph, single image only, no collage. Pose: front-facing. Expression: neutral. Crop: head and shoulders."
ZAN-V1-GEN-050,lighting,front-facing,neutral,head and shoulders,high-contrast editorial light with soft shadow,neutral gray studio background,"ivory silk blouse with delicate gold floral embroidery, small gold hoop earrings","long straight black hair, center part","Ultra-realistic studio portrait of Zantara, the same adult Indonesian woman from the Zantara v1 official reference dataset, consistent facial identity, natural proportions, warm medium skin tone, dark almond-shaped eyes, defined cheekbones, subtle natural makeup, sharp black eyeliner, long straight black hair, center part, ivory silk blouse with delicate gold floral embroidery, small gold hoop earrings, neutral gray studio background, high-contrast editorial light with soft shadow, realistic skin texture, natural pores, no plastic skin, eye-level camera, photorealistic RAW photograph, single image only, no collage. Pose: front-facing. Expression: neutral. Crop: head and shoulders."
ZAN-V1-GEN-051,lighting,front-facing,neutral,head and shoulders,soft window light from camera-left,light gray studio wall with soft falloff,"ivory silk blouse with delicate gold floral embroidery, small gold hoop earrings","long straight black hair, center part","Ultra-realistic studio portrait of Zantara, the same adult Indonesian woman from the Zantara v1 official reference dataset, consistent facial identity, natural proportions, warm medium skin tone, dark almond-shaped eyes, defined cheekbones, subtle natural makeup, sharp black eyeliner, long straight black hair, center part, ivory silk blouse with delicate gold floral embroidery, small gold hoop earrings, light gray studio wall with soft falloff, soft window light from camera-left, realistic skin texture, natural pores, no plastic skin, eye-level camera, photorealistic RAW photograph, single image only, no collage. Pose: front-facing. Expression: neutral. Crop: head and shoulders."
ZAN-V1-GEN-052,lighting,front-facing,neutral,head and shoulders,soft window light from camera-right,light gray studio wall with soft falloff,"ivory silk blouse with delicate gold floral embroidery, small gold hoop earrings","long straight black hair, center part","Ultra-realistic studio portrait of Zantara, the same adult Indonesian woman from the Zantara v1 official reference dataset, consistent facial identity, natural proportions, warm medium skin tone, dark almond-shaped eyes, defined cheekbones, subtle natural makeup, sharp black eyeliner, long straight black hair, center part, ivory silk blouse with delicate gold floral embroidery, small gold hoop earrings, light gray studio wall with soft falloff, soft window light from camera-right, realistic skin texture, natural pores, no plastic skin, eye-level camera, photorealistic RAW photograph, single image only, no collage. Pose: front-facing. Expression: neutral. Crop: head and shoulders."
ZAN-V1-GEN-053,lighting,front-facing,neutral,head and shoulders,even diffused studio light,charcoal gray studio background,"ivory silk blouse with delicate gold floral embroidery, small gold hoop earrings","long straight black hair, center part","Ultra-realistic studio portrait of Zantara, the same adult Indonesian woman from the Zantara v1 official reference dataset, consistent facial identity, natural proportions, warm medium skin tone, dark almond-shaped eyes, defined cheekbones, subtle natural makeup, sharp black eyeliner, long straight black hair, center part, ivory silk blouse with delicate gold floral embroidery, small gold hoop earrings, charcoal gray studio background, even diffused studio light, realistic skin texture, natural pores, no plastic skin, eye-level camera, photorealistic RAW photograph, single image only, no collage. Pose: front-facing. Expression: neutral. Crop: head and shoulders."
ZAN-V1-GEN-054,lighting,front-facing,neutral,head and shoulders,even diffused studio light,warm beige neutral background,"ivory silk blouse with delicate gold floral embroidery, small gold hoop earrings","long straight black hair, center part","Ultra-realistic studio portrait of Zantara, the same adult Indonesian woman from the Zantara v1 official reference dataset, consistent facial identity, natural proportions, warm medium skin tone, dark almond-shaped eyes, defined cheekbones, subtle natural makeup, sharp black eyeliner, long straight black hair, center part, ivory silk blouse with delicate gold floral embroidery, small gold hoop earrings, warm beige neutral background, even diffused studio light, realistic skin texture, natural pores, no plastic skin, eye-level camera, photorealistic RAW photograph, single image only, no collage. Pose: front-facing. Expression: neutral. Crop: head and shoulders."
ZAN-V1-GEN-055,lighting,front-facing,neutral,head and shoulders,even diffused studio light,clean white studio background,"ivory silk blouse with delicate gold floral embroidery, small gold hoop earrings","long straight black hair, center part","Ultra-realistic studio portrait of Zantara, the same adult Indonesian woman from the Zantara v1 official reference dataset, consistent facial identity, natural proportions, warm medium skin tone, dark almond-shaped eyes, defined cheekbones, subtle natural makeup, sharp black eyeliner, long straight black hair, center part, ivory silk blouse with delicate gold floral embroidery, small gold hoop earrings, clean white studio background, even diffused studio light, realistic skin texture, natural pores, no plastic skin, eye-level camera, photorealistic RAW photograph, single image only, no collage. Pose: front-facing. Expression: neutral. Crop: head and shoulders."
ZAN-V1-GEN-056,hair,front-facing,neutral,head and shoulders,soft front light,neutral gray studio background,"ivory silk blouse with delicate gold floral embroidery, small gold hoop earrings","long straight black hair, center part, tucked slightly behind both ears","Ultra-realistic studio portrait of Zantara, the same adult Indonesian woman from the Zantara v1 official reference dataset, consistent facial identity, natural proportions, warm medium skin tone, dark almond-shaped eyes, defined cheekbones, subtle natural makeup, sharp black eyeliner, long straight black hair, center part, tucked slightly behind both ears, ivory silk blouse with delicate gold floral embroidery, small gold hoop earrings, neutral gray studio background, soft front light, realistic skin texture, natural pores, no plastic skin, eye-level camera, photorealistic RAW photograph, single image only, no collage. Pose: front-facing. Expression: neutral. Crop: head and shoulders."
ZAN-V1-GEN-057,hair,front-facing,neutral,head and shoulders,soft front light,neutral gray studio background,"ivory silk blouse with delicate gold floral embroidery, small gold hoop earrings","long straight black hair, center part, one soft strand falling forward","Ultra-realistic studio portrait of Zantara, the same adult Indonesian woman from the Zantara v1 official reference dataset, consistent facial identity, natural proportions, warm medium skin tone, dark almond-shaped eyes, defined cheekbones, subtle natural makeup, sharp black eyeliner, long straight black hair, center part, one soft strand falling forward, ivory silk blouse with delicate gold floral embroidery, small gold hoop earrings, neutral gray studio background, soft front light, realistic skin texture, natural pores, no plastic skin, eye-level camera, photorealistic RAW photograph, single image only, no collage. Pose: front-facing. Expression: neutral. Crop: head and shoulders."
ZAN-V1-GEN-058,hair,front-facing,neutral,head and shoulders,soft front light,neutral gray studio background,"ivory silk blouse with delicate gold floral embroidery, small gold hoop earrings","long black hair gathered in a loose low bun, same color and hairline","Ultra-realistic studio portrait of Zantara, the same adult Indonesian woman from the Zantara v1 official reference dataset, consistent facial identity, natural proportions, warm medium skin tone, dark almond-shaped eyes, defined cheekbones, subtle natural makeup, sharp black eyeliner, long black hair gathered in a loose low bun, same color and hairline, ivory silk blouse with delicate gold floral embroidery, small gold hoop earrings, neutral gray studio background, soft front light, realistic skin texture, natural pores, no plastic skin, eye-level camera, photorealistic RAW photograph, single image only, no collage. Pose: front-facing. Expression: neutral. Crop: head and shoulders."
ZAN-V1-GEN-059,hair,front-facing,neutral,head and shoulders,soft front light,neutral gray studio background,"ivory silk blouse with delicate gold floral embroidery, small gold hoop earrings","long straight black hair, center part, tucked behind the left ear only","Ultra-realistic studio portrait of Zantara, the same adult Indonesian woman from the Zantara v1 official reference dataset, consistent facial identity, natural proportions, warm medium skin tone, dark almond-shaped eyes, defined cheekbones, subtle natural makeup, sharp black eyeliner, long straight black hair, center part, tucked behind the left ear only, ivory silk blouse with delicate gold floral embroidery, small gold hoop earrings, neutral gray studio background, soft front light, realistic skin texture, natural pores, no plastic skin, eye-level camera, photorealistic RAW photograph, single image only, no collage. Pose: front-facing. Expression: neutral. Crop: head and shoulders."
ZAN-V1-GEN-060,hair,front-facing,neutral,head and shoulders,soft front light,neutral gray studio background,"ivory silk blouse with delicate gold floral embroidery, small gold hoop earrings","long straight black hair, center part, tucked behind the right ear only","Ultra-realistic studio portrait of Zantara, the same adult Indonesian woman from the Zantara v1 official reference dataset, consistent facial identity, natural proportions, warm medium skin tone, dark almond-shaped eyes, defined cheekbones, subtle natural makeup, sharp black eyeliner, long straight black hair, center part, tucked behind the right ear only, ivory silk blouse with delicate gold floral embroidery, small gold hoop earrings, neutral gray studio background, soft front light, realistic skin texture, natural pores, no plastic skin, eye-level camera, photorealistic RAW photograph, single image only, no collage. Pose: front-facing. Expression: neutral. Crop: head and shoulders."
ZAN-V1-GEN-061,hair,front-facing,neutral,head and shoulders,soft front light,neutral gray studio background,"ivory silk blouse with delicate gold floral embroidery, small gold hoop earrings","long straight black hair, center part, softly brushed behind shoulders","Ultra-realistic studio portrait of Zantara, the same adult Indonesian woman from the Zantara v1 official reference dataset, consistent facial identity, natural proportions, warm medium skin tone, dark almond-shaped eyes, defined cheekbones, subtle natural makeup, sharp black eyeliner, long straight black hair, center part, softly brushed behind shoulders, ivory silk blouse with delicate gold floral embroidery, small gold hoop earrings, neutral gray studio background, soft front light, realistic skin texture, natural pores, no plastic skin, eye-level camera, photorealistic RAW photograph, single image only, no collage. Pose: front-facing. Expression: neutral. Crop: head and shoulders."
ZAN-V1-GEN-062,hair,front-facing,neutral,head and shoulders,soft front light,neutral gray studio background,"ivory silk blouse with delicate gold floral embroidery, small gold hoop earrings","long black hair in a loose low ponytail, same hairline and color","Ultra-realistic studio portrait of Zantara, the same adult Indonesian woman from the Zantara v1 official reference dataset, consistent facial identity, natural proportions, warm medium skin tone, dark almond-shaped eyes, defined cheekbones, subtle natural makeup, sharp black eyeliner, long black hair in a loose low ponytail, same hairline and color, ivory silk blouse with delicate gold floral embroidery, small gold hoop earrings, neutral gray studio background, soft front light, realistic skin texture, natural pores, no plastic skin, eye-level camera, photorealistic RAW photograph, single image only, no collage. Pose: front-facing. Expression: neutral. Crop: head and shoulders."
ZAN-V1-GEN-063,outfit,front-facing,neutral,bust portrait,soft front light,neutral gray studio background,"structured charcoal silk blouse with subtle antique gold trim, small gold hoop earrings","long straight black hair, center part","Ultra-realistic studio portrait of Zantara, the same adult Indonesian woman from the Zantara v1 official reference dataset, consistent facial identity, natural proportions, warm medium skin tone, dark almond-shaped eyes, defined cheekbones, subtle natural makeup, sharp black eyeliner, long straight black hair, center part, structured charcoal silk blouse with subtle antique gold trim, small gold hoop earrings, neutral gray studio background, soft front light, realistic skin texture, natural pores, no plastic skin, eye-level camera, photorealistic RAW photograph, single image only, no collage. Pose: front-facing. Expression: neutral. Crop: bust portrait."
ZAN-V1-GEN-064,outfit,front-facing,neutral,bust portrait,soft front light,neutral gray studio background,"black modern blazer over ivory silk blouse with gold embroidery, small gold hoop earrings","long straight black hair, center part","Ultra-realistic studio portrait of Zantara, the same adult Indonesian woman from the Zantara v1 official reference dataset, consistent facial identity, natural proportions, warm medium skin tone, dark almond-shaped eyes, defined cheekbones, subtle natural makeup, sharp black eyeliner, long straight black hair, center part, black modern blazer over ivory silk blouse with gold embroidery, small gold hoop earrings, neutral gray studio background, soft front light, realistic skin texture, natural pores, no plastic skin, eye-level camera, photorealistic RAW photograph, single image only, no collage. Pose: front-facing. Expression: neutral. Crop: bust portrait."
ZAN-V1-GEN-065,outfit,front-facing,neutral,half body,soft front light,neutral gray studio background,"ivory silk blouse with gold embroidery and simple black tailored trousers, small gold hoop earrings","long straight black hair, center part","Ultra-realistic studio portrait of Zantara, the same adult Indonesian woman from the Zantara v1 official reference dataset, consistent facial identity, natural proportions, warm medium skin tone, dark almond-shaped eyes, defined cheekbones, subtle natural makeup, sharp black eyeliner, long straight black hair, center part, ivory silk blouse with gold embroidery and simple black tailored trousers, small gold hoop earrings, neutral gray studio background, soft front light, realistic skin texture, natural pores, no plastic skin, eye-level camera, photorealistic RAW photograph, single image only, no collage. Pose: front-facing. Expression: neutral. Crop: half body."
ZAN-V1-GEN-066,outfit,front-facing,neutral,bust portrait,soft front light,neutral gray studio background,"cream kebaya-inspired silk blouse with restrained gold embroidery, small gold hoop earrings","long straight black hair, center part","Ultra-realistic studio portrait of Zantara, the same adult Indonesian woman from the Zantara v1 official reference dataset, consistent facial identity, natural proportions, warm medium skin tone, dark almond-shaped eyes, defined cheekbones, subtle natural makeup, sharp black eyeliner, long straight black hair, center part, cream kebaya-inspired silk blouse with restrained gold embroidery, small gold hoop earrings, neutral gray studio background, soft front light, realistic skin texture, natural pores, no plastic skin, eye-level camera, photorealistic RAW photograph, single image only, no collage. Pose: front-facing. Expression: neutral. Crop: bust portrait."
