No,Kode KBLI,Judul KBLI,Ruang Lingkup,Skala Usaha,Tingkat Risiko,Perizinan Berusaha,Persyaratan,Jangka Waktu,Kewajiban,PB UMKU,Parameter,Kewenangan
4,02140,Peng- usahaan Per- benihan Tanam- an Kehu- tanan,Kegiatan pengadaan dan pengedaran benih tanaman hutan Kegiatan pengadaan dan pengedaran bibit Kegiatan pengadaan dan pengedaran benih dan Kegiatan pemasukan benih dan/atau bibit dari luar negeri Kegiatan pengeluar- an benih dan/atau bibit ke luar negeri,"- Mikro - Kecil - Mene- ngah - Besar - Mikro - Kecil - Mene- ngah
:unselected: :unselected: :unselected: - Besar - Mikro - Kecil
:unselected: - Mene-
:unselected: ngah - Besar
:unselected: - Mikro - Kecil
:unselected: :unselected: - Mene- ngah - Besar",Menengah Tinggi,NIB dan Sertifikat Standar NIB dan sertifikat standar,"1. Dokumen sertifikat sumber benih atau Dokumen surat penunjukan sebagai pengelola dari pemilik sumber benih atau perjanjian Kerjasama pengelolaan sumber benih bersertifikat 2. Memiliki sarana dan prasarana perbenihan berupa: a. Pengun- duhan Benih, yang dibukti- kan dengan foto dan detail rincian spesifika- si alat pengun- . Penanga-
b. nan dibuktika n dengan foto proses penanga- nan benih berikut penjelasa n metode (tata cara, alat dan bahan) C. Penyim- panan Benih, yang dibukti- kan dengan foto dan disain penyim- panan benih dalam kaitan- nya dengan perlindu- ngan benih (seed protec- tion) 3. Memiliki tenaga ahli atau tenaga terampil di Bidang Pengelolaan Benih, dengan dibuktikan sertifikat pelatihan dan/atau ijazah akademik 4. Memiliki Stok Benih Bersertifikat, yang dibuktikan dengan laporan stok benih bersertifikat 5. Bukti Bayar PNBP atau Retribusi Daerah atas : a. Sertifi- kasi Sumber benih atau b. Sertifi- kasi Mutu Benih dan/atau c. Pengun- duhan atau pengum- pulan anakan alam dari kawasan hutan 1. Dokumen sertifikat sumber benih atau Dokumen pengelola dari pemilik sumber benih atau perjanjian Kerjasama pengelolaan sumber benih bersertifikat 2. Dalam hal lokasi kegiatan (persemaian) berada dalam area kerja badan usaha milik negara bidang kehutanan, dilengkapi pertimbangan teknis dari badan usaha milik negara bidang kehutanan 3. Memiliki Sistem irigasi dan penyiraman, yang dibuktikan dengan foto berikut dengan disainnya 4. Memiliki sarana dan prasarana pembibitan/ persemaian berupa: a. Penyim- panan benih, yang dibuktikan dengan foto dan disain penyim- panan benih dalam kaitannya dengan per- lindungan benih (seed protection) b. Penaburan benih, yang dibuktikan dengan foto dan metode penaburan (tata cara, alat dan bahan) c. Pertum- buhan stek, yang dibuktikan dengan foto dan metode pertum- buhan stek (tata cara, alat dan bahan) d. Penyapih- an, yang dibuktikan dengan foto dan metode penyapih- an (tata cara, alat dan bahan) e. Pembesar- an bibit, yang dibuktikan dengan foto dan metode pembesar- an bibit (tata cara, alat dan bahan) dan f. Fasilitas pe- ngangkut bibit, yang dibuktikan dengan foto dan spesifikasi alat pengangku tan bibit 5. Memiliki tenaga ahli atau tenaga terampil di bidang pembibitan, dengan dibuktikan sertifikat pelatihan dan/atau ijazah akademik 6. Memiliki stok bibit yang bersertifikat, yang dibuktikan dengan laporan stok bibit bersertifikat 7. Terdapat aktivitas pembuatan bibit, yang dibuktikan dengan foto dan laporan kegiatan produksi bibit 8. Bukti bayar PNBP atau Retribusi Daerah atas: a. Sertifikasi sumber benih atau b. Sertifikasi mutu benih atau c. Sertifikasi mutu bibit sumber benih atau pengelola dari pemilik perjanjian Kerjasama pengelolaan sumber benih bersertifikat 2. Lokasi kegiatan: a. Jika pelaku usaha adalah Perum Per- hutani, dan lokasi berada di luar area hutani maka dileng- kapi Pertim- bangan Teknis dari Guber- nur b. Jika adalah pelaku usaha lain, dan lokasi usaha berada di area kerja Perum Per- hutani, maka dileng- kapi Pertim- bangan Teknis dari Perum Per- hutani 3. Memiliki Sistem irigasi dan penyiraman, yang dibuktikan dengan foto berikut dengan disainnya 4. Memiliki sarana dan prasarana perbenihan dan pembibitan/ persemaian berupa: a. Pengun- duhan benih, yang dibuktikan dengan foto dan detail rincian spesifikasi alat pengun- duhan b. Penangan- an benih, yang dibuktikan dengan foto proses penangan- an benih berikut penjelasan metode (tata cara, alat dan bahan) c. Penyim- panan benih yang dibuktikan dengan foto dan disain penyim- panan benih dalam kaitannya dengan perlin- dungan benih (seed protection) d. Penaburan benih yang dibuktikan dengan foto dan metode penaburan (tata cara, alat dan bahan) e. Pertum- buhan stek, yang dibuktikan dengan pem- besaran bibit (tata cara, alat dan bahan) dan h. Fasilitas peng- angkut bibit, yang dibuktikan dengan foto dan spesifikasi alat peng- angkutan bibit 5. Memiliki tenaga ahli atau tenaga terampil di bidang pengelolaan benih dan pembibitan, dengan dibuktikan sertifikat pelatihan dan/atau ijazah akademik 6. Memiliki stok benih dan bibit yang bersertifikat, yang dibuktikan dengan laporan stok benih dan bibit bersertifikat 7. Terdapat aktivitas pembuatan bibit, yang dibuktikan dengan foto dan laporan kegiatan produksi bibit 8. Bukti bayar PNBP atau Retribusi Daerah atas: a. Sertifikasi sumber benih atau b. Sertifikasi mutu benih atau c. Sertifikasi mutu bibit 1. Memiliki salah satu sertifikat standar terverifikasi dari jenis perizinan berusaha di bidang perbenihan tanaman hutan, yaitu: a. Pengadaan dan pengedar- an benih atau b. Pengadaan dan pengedar- an bibit atau c. Pengadaan dan pengedar- an benih dan bibit disesuaikan dengan komoditi (benih dan/atau bibit) yang akan dimasukkan dari luar negeri 2. Memiliki dokumen Surat Persyaratan Karantina Tumbuhan dari Badan Karantina Indonesia dan Dokumen Surat Hasil Analisa Resiko Jenis Tumbuhan Asing Invasif pre border dari Badan Riset dan Inovasi Nasional (BRIN) 3. Surat pernyataan dari produsen benih dan/atau bibit tanaman hutan negara asal yang menerangkan bahwa benih dan/atau bibit tanaman hutan yang dimasukkan ke Indonesia bukan Produk Rekayasa Genetik 4. Surat Keterangan tentang asal- usul (certificate of origin), dokumen kualitas (certificate of quality) dari instansi yang berwenang di negara asal 5. Apabila benih dan/atau bibit yang dimasukkan ke dalam wilayah NKRI bukan berasal dari negara asal benih dan/atau bibit, maka wajib memiliki Sertifikat Kesehatan Tumbuhan (certificate of phyto- sanitary) dari NPPO (National Plant Protection Organisation) Negara asal dari benih dan/atau bibit serta Sertifikat Kesehatan Tumbuhan (certificate of phyto- sanitary) untuk Re- ekspor (certificate of phytosanitary for re-export) dari NPPO negara yang melakukan kegiatan pemasukan benih dan/atau bibit ke wilayah NKRI 6. Bukti bayar PNBP atas Perizinan Berusaha Pemasukan benih dan/atau bibit tanaman hutan dari luar negeri setelah mendapatkan kepastian persetujuan dari Menteri namun sebelum Sertifikat Standar diterbitkan oleh Sistem OSS 7. Bukti bayar PNBP atau Retribusi Daerah atas pengujian mutu benih dan/atau bibit untuk pelaku usaha yang menjual kembali benih dan/atau bibit secara langsung 1. Memiliki salah satu sertifikat standar terverifikasi dari jenis perizinan berusaha di bidang perbenihan tanaman hutan, yaitu: a. Pengadaan dan pengedar- an benih atau b. Pengadaan dan pengedar- an bibit atau c. Pengadaan dan pengedar- an benih dan bibit disesuaikan dengan komoditi (benih dan/atau bibit) yang akan dikeluarkan ke luar negeri 2. Surat Keterangan tentang asal- usul (certificate of origin), dokumen kualitas (certificate of quality) dari instansi berwenang 3. Bukti bayar PNBP atas Perizinan Berusaha Pengeluaran benih dan/atau bibit tanaman hutan ke luar negeri setelah mendapatkan kepastian persetujuan dari Menteri namun sebelum Sertifikat Standar diterbitkan oleh Sistem OSS",15 Hari,"1. Melakukan sertifikasi mutu benih bagi benih yang akan diedarkan 2. Bagi jenis tanaman yang benihnya wajib berasal dari sumber benih bersertifikat berdasarkan keputusan Menteri yang membidangi urusan kehutanan, maka wajib berasal dari sumber benih Bagi jenis hutan yang belum diwajibkan berasal dari sumber bersertifikat, diutamakan 3. Membuat laporan kegiatan usaha setiap 6 (enam) bulan sekali 4. Melaksana- kan tata usaha Benih tanaman hutan sesuai ketentuan peraturan perundang- undangan 1. Melakukan sertifikasi mutu bibit bagi bibit yang benihnya wajib berasal dari sumber benih bersertifikat berdasarkan keputusan Menteri yang membidangi urusan kehutanan, maka benihnya wajib berasal dari sumber benih bersertifikat Bagi jenis tanaman hutan yang benihnya belum diwajibkan berasal dari sumber benih bersertifikat, maka benihnya diutamakan dari sumber benih bersertifkat 3. Membuat laporan kegiatan usaha setiap 6 (enam) bulan sekali 4. Melaksana- kan tata usaha Bibit tanaman hutan sesuai ketentuan peraturan perundang- undangan dan/atau sertifikasi mutu bibit bibit yang wajib berasal dari sumber benih bersertifikat berdasarkan keputusan Menteri yang membidangi urusan benih bersertifkat 3. Membuat laporan kegiatan usaha setiap 6 (enam) bulan sekali 4. Melaksana- kan tata usaha benih dan bibit tanaman hutan sesuai ketentuan peraturan perundang- undangan 1. Membuat laporan setelah dilakukan- nya proses izin usaha pemasukan benih dan/atau bibit tanaman hutan dari luar negeri 2. Menjaga agar benih dan/atau bibit tanaman hutan yang telah masuk ke Indonesia tidak berdampak buruk pada ekosistem Indonesia (meminimali- sasi terjadinya potensi spesies invasif post border) 3. Melaksana- kan ketentuan Karantina Tumbuhan dan Kepabeanan 4. Menyerah- kan dokumen kesehatan benih (certificate of phyto- sanitary) dari instansi yang berwenang di negara asal Kepada Kementerian Lingkungan Hidup dan Kehutanan 1. Membuat laporan setelah dilakukan- nya proses izin usaha pengeluaran benih dan/atau bibit tanaman hutan ke luar negeri 2. Melaksana- kan packing benih dan/atau bibit tanaman hutan sesuai standar dari negara tujuan 3. Melaksana- kan ketentuan Karantina Tumbuhan dan Kepabeanan",-,Seluruh Permohonan oleh badan usaha milik negara bidang kehutanan (perum perhutani),Gubernur Menteri/ Kepala Badan
5,16102,Industri Peng- awetan Kayu,Kegiatan pengolahan hasil hutan kayu kapasitas produksi kurang dari 2000 (dua ribu) M3/tahun Kegiatan pengolahan hasil hutan bukan kayu kapasitas produksi kurang dari 1000 (seribu) ton/tahun Kegiatan pengolahan hasil hutan bukan kayu kapasitas produksi 1000 (seribu) ton/tahun sampai dengan kurang dari 3000 (tiga ribu) ton/tahun Kegiatan pengolahan hasil hutan kayu kapasitas produksi 2000 (dua ribu) M3/tahun sampai dengan kurang dari 6000 (enam ribu) M3/tahun Pengolahan hasil hutan kayu dengan kapasitas produksi 2000 (dua ribu) sampai dengan kurang dari 6000 (enam ribu) meter kubik per tahun yang terpadu dengan pengolahan hasil hutan bukan kayu skala kecil Kegiatan pengolahan hasil hutan kayu dengan kapasitas produksi sebesar 6000 (enam ribu) M3/tahun atau lebih Kegiatan pengolahan hasil hutan bukan kayu dengan kapasitas produksi 3000 (tiga ribu) ton/tahun atau lebih Kegiatan pengolahan hasil hutan kayu kapasitas produksi 6000 (enam ribu) M3/tahun atau lebih yang terpadu dengan pengolahan hasil hutan bukan kayu skala menengah,- Mikro - Kecil Mene- ngah Besar,Rendah Menengah Tinggi Tinggi,NIB NIB dan Sertifikat Standar NIB dan Izin,- Proposal teknis,Otomatis 10 Hari,"1. Merealisasi- kan pembangun- an pabrik dan/atau kegiatan pengolahan hasil hutan 2. Menjalankan usahanya sesuai dengan legalitas perizinan berusaha yang dimiliki 3. Menyusun dan menyampai- kan rencana kegiatan operasional setiap tahun melalui Sistem Rencana Pemenuhan Bahan Baku Pengolahan Hasil Hutan 4. Menyampai- kan laporan realisasi kinerja/kegi atan operasional secara periodik setiap bulan melalui Sistem Rencana Pemenuhan Bahan Baku Pengolahan Hasil Hutan 5. Melaksana- kan penata- usahaan hasil hutan sesuai dengan ketentuan peraturan perundang- undangan 6. Memiliki jaminan legalitas bahan baku dan produk yang diterbitkan oleh Lembaga independent 7. Mengajukan addendum perizinan berusaha apabila merencana- kan penambahan jenis pengolahan dan/atau penambahan Kapasitas Produksi melebihi 30% (tiga puluh persen) dari kapasitas produksi yang diizinkan 8. Memiliki dan/atau mempekerja kan tenaga teknis pengukuran dan pengujian hasil hutan bersertifikat 9. Melaksana- kan pengukuran dan pengujian sesuai ketentuan 10. Membayar PNBP atas jasa pelayanan dokumen angkutan (apabila mengolahan kayu alam dan/atau kayu dari hutan tanaman) 11. Melakukan penyesuaian perubahan data pokok dalam Perizinan Berusaha Pengolahan Hasil Hutan apabila melakukan penambahan jenis pengolahan hasil hutan, penambahan ragam produk olahan, atau melakukan perubahan data pokok Perizinan Berusaha Pengolahan Hasil Hutan melalui addendum Perizinan Berusaha Pengolahan Hasil Hutan 12. Melakukan kegiatan produksi, memiliki sarana dan prasarana kegiatan pengolahan hasil hutan",-,Seluruh,Gubernur Menteri/ Kepala Badan
6,16103,"Industri Peng- olahan Rotan, Bambu Dan Sejenis- nya",Kegiatan pengolahan hasil hutan bukan kayu kapasitas produksi kurang dari 1000 (seribu) ton/tahun Kegiatan pengolahan hasil hutan bukan kayu kapasitas produksi kurang dari 1000 (seribu) ton/tahun Kegiatan pengolahan hasil hutan bukan kayu kapasitas produksi 1000 (seribu) ton/tahun sampai dengan kurang dari 3000 (tiga ribu) ton/tahun Kegiatan pengolahan hasil hutan kayu kapasitas produksi 2000 (dua ribu) M3/tahun sampai dengan kurang dari 6000 (enam ribu) M3/tahun Pengolahan hasil hutan kayu dengan kapasitas produksi 2000 (dua ribu) sampai dengan kurang dari 6000 (enam ribu) meter kubik per tahun yang terpadu dengan pengolahan hasil hutan bukan kayu skala kecil Kegiatan pengolahan hasil hutan kayu dengan kapasitas produksi sebesar 6000 (enam ribu) M3/tahun atau lebih Kegiatan pengolahan hasil hutan bukan kayu dengan kapasitas produksi 3000 (tiga ribu) ton/tahun atau lebih Kegiatan pengolahan hasil hutan kayu kapasitas produksi 6000 (enam ribu) M3/tahun atau lebih yang terpadu dengan pengolahan hasil hutan bukan kayu skala menengah,- Mikro - Kecil Mene- ngah Besar,Rendah Menengah Tinggi Tinggi,NIB NIB dan Sertifikat Standar NIB dan Izin,Proposal teknis,Otomatis 10 Hari,"1. Merealisasi- kan pembangun- an pabrik dan/atau kegiatan pengolahan hasil hutan 2. Menjalankan usahanya sesuai dengan legalitas perizinan berusaha yang dimiliki 3. Menyusun dan menyampai- kan rencana kegiatan operasional setiap tahun melalui Sistem Rencana Pemenuhan Bahan Baku Pengolahan Hasil Hutan 4. Menyampai- kan laporan realisasi kinerja/kegi atan operasional secara periodik setiap bulan melalui Sistem Rencana Pemenuhan Bahan Baku Pengolahan Hasil Hutan 5. Melaksana- kan penata- usahaan hasil hutan sesuai dengan ketentuan peraturan perundang- undangan 6. Memiliki jaminan legalitas bahan baku dan produk yang diterbitkan oleh lembaga independent 7. Mengajukan addendum perizinan berusaha apabila merencana- kan penambahan jenis pengolahan dan/atau penambahan Kapasitas Produksi melebihi 30% (tiga puluh persen) dari kapasitas produksi yang diizinkan 8. Memiliki dan/atau mempekerja- kan tenaga teknis pengukuran dan pengujian hasil hutan bersertifikat 9. Melaksana- kan pengukuran dan pengujian sesuai ketentuan 10. Membayar PNBP atas jasa pelayanan dokumen angkutan (apabila mengolahan kayu alam dan/atau kayu dari hutan tanaman) 11. Melakukan penyesuaian perubahan data pokok dalam Perizinan Berusaha Pengolahan Hasil Hutan apabila melakukan penambahan jenis pengolahan hasil hutan, penambahan ragam produk olahan, atau melakukan perubahan data pokok Perizinan Berusaha Pengolahan Hasil Hutan melalui addendum Perizinan Berusaha Pengolahan Hasil Hutan 12. Melakukan kegiatan produksi, memiliki sarana dan prasarana kegiatan pengolahan hasil hutan",,Seluruh,Gubernur Menteri/ Kepala Badan
7 (1) 8,16104 (2) 16212,"Industri Peng- olahan Rotan (3) Industri Kayu Lapis Lami- nasi, Terma- suk Decora- tive Plywood",Kegiatan pengolahan hasil hutan kayu kapasitas produksi kurang dari 2000 (dua ribu) M3/tahun Kegiatan pengolahan hasil hutan bukan kayu kapasitas produksi kurang dari 1000 (seribu) ton/tahun Kegiatan pengolahan hasil hutan bukan kayu kapasitas produksi 1000 (seribu) ton/tahun sampai dengan kurang dari 3000 (tiga ribu) ton/tahun Kegiatan pengolahan hasil hutan kayu kapasitas produksi 2000 (dua ribu) M3/tahun sampai dengan kurang dari 6000 (enam ribu) M3/tahun Pengolahan hasil hutan kayu dengan kapasitas produksi 2000 (dua ribu) sampai dengan kurang dari 6000 (enam ribu) meter kubik per tahun yang terpadu dengan pengolahan hasil hutan bukan kayu skala kecil Kegiatan pengolahan hasil hutan kayu dengan kapasitas produksi sebesar 6000 (enam ribu) M3/tahun atau lebih Kegiatan pengolahan hasil hutan bukan kayu dengan kapasitas produksi 3000 (tiga ribu) ton/tahun atau lebih Kegiatan pengolahan hasil hutan kayu kapasitas produksi 6000 (enam ribu) M3/tahun atau lebih yang (4) Kegiatan pengolahan hasil hutan bukan kayu kapasitas produksi 1000 (seribu) ton/tahun sampai dengan kurang dari 3000 (tiga ribu) ton/tahun Kegiatan pengolahan hasil hutan kayu kapasitas produksi 2000 (dua ribu) M3/tahun sampai dengan kurang dari 6000 (enam ribu) M3/tahun Pengolahan hasil hutan kayu dengan kapasitas produksi 2000 (dua ribu) sampai dengan kurang dari 6000 (enam ribu) meter kubik per tahun yang terpadu dengan pengolahan hasil hutan bukan kayu skala kecil Kegiatan pengolahan hasil hutan kayu dengan kapasitas produksi sebesar 6000 (enam ribu) M3/tahun atau lebih,- Mikro - Kecil Mene- ngah Besar (5),Rendah Menengah Tinggi Tinggi (6),NIB NIB dan Sertifikat Standar NIB dan Izin (7),- Proposal teknis (8),Otomatis 10 Hari (9),"1. Merealisasi- kan pembangun- an pabrik dan/atau kegiatan pengolahan hasil hutan 2. Menjalankan usahanya sesuai dengan legalitas perizinan berusaha yang dimiliki 3. menyusun dan menyampai- kan rencana kegiatan operasional setiap tahun melalui Sistem Rencana Pemenuhan Bahan Baku Pengolahan Hasil Hutan
. Menyampai-
4.
kan laporan realisasi kinerja/kegi atan operasional secara periodik setiap bulan melalui Sistem Rencana Pemenuhan Bahan Baku Pengolahan Hasil Hutan 5. Melaksana- kan penata- usahaan hasil hutan sesuai dengan ketentuan peraturan perundang- undangan 6. Memiliki jaminan legalitas bahan baku dan produk yang diterbitkan oleh Lembaga independen 7. Mengajukan addendum perizinan berusaha apabila merencana- kan penambahan jenis pengolahan dan/atau penambahan Kapasitas Produksi melebihi 30% (tiga puluh persen) dari kapasitas produksi yang diizinkan 8. Memiliki dan/atau mempekerja- kan tenaga teknis pengukuran dan pengujian hasil hutan bersertifikat 9. Melaksana- kan pengukuran dan pengujian sesuai ketentuan 10. Membayar PNBP atas jasa pelayanan dokumen angkutan (apabila mengolahan kayu alam dan/atau kayu dari hutan tanaman) 11. Melakukan penyesuaian perubahan data pokok dalam Perizinan Berusaha Pengolahan Hasil Hutan apabila melakukan penambahan jenis pengolahan hasil hutan, penambahan ragam produk olahan, atau melakukan perubahan data pokok Perizinan Berusaha Pengolahan Hasil Hutan melalui addendum Perizinan Berusaha Pengolahan Hasil Hutan 12. Melakukan kegiatan produksi, memiliki sarana dan prasarana kegiatan pengolahan hasil hutan (10) 1. Merealisasi- kan pembanguna n pabrik dan/atau kegiatan pengolahan hasil hutan 2. Menjalankan usahanya sesuai dengan legalitas perizinan berusaha yang dimiliki 3. Menyusun dan menyampai- kan rencana kegiatan operasional setiap tahun melalui Sistem Rencana Pemenuhan Bahan Baku Pengolahan Hasil Hutan 4. Menyampai- kan laporan realisasi kinerja/kegi atan operasional secara periodik setiap bulan melalui Sistem Rencana Pemenuhan Bahan Baku Pengolahan Hasil Hutan 5. Melaksana- kan penata- usahaan hasil hutan sesuai dengan ketentuan peraturan perundang- undangan 6. Memiliki jaminan legalitas bahan baku dan produk yang diterbitkan oleh Lembaga independent 7. Mengajukan addendum perizinan berusaha apabila merencana- kan penambahan jenis pengolahan dan/atau penambahan Kapasitas Produksi melebihi 30% (tiga puluh persen) dari kapasitas produksi yang diizinkan 8. Memiliki dan/atau mempekerja- kan tenaga teknis pengukuran dan pengujian hasil hutan bersertifikat 9. Melaksana- kan pengukuran dan pengujian sesuai ketentuan 10. Membayar PNBP atas jasa pelayanan dokumen angkutan (apabila mengolahan kayu alam dan/atau kayu dari hutan tanaman) 11. Melakukan penyesuaian perubahan data pokok dalam Perizinan Berusaha Pengolahan Hasil Hutan apabila melakukan penambahan jenis pengolahan hasil hutan, penambahan ragam produk olahan, atau melakukan perubahan data pokok Perizinan Berusaha Pengolahan Hasil Hutan melalui addendum Perizinan Berusaha Pengolahan Hasil Hutan 12. Melakukan kegiatan produksi, memiliki sarana dan prasarana kegiatan pengolahan hasil hutan",- (11),Seluruh (12),Gubernur Menteri/ Kepala Badan (13)
9,16213,Industri Panel Kayu Lainnya,Kegiatan pengolahan hasil hutan kayu kapasitas produksi kurang dari 2000 (dua ribu) M3/tahun Kegiatan pengolahan hasil hutan bukan kayu kapasitas produksi kurang dari 1000 (seribu) ton/tahun Kegiatan pengolahan hasil hutan bukan kayu kapasitas produksi 1000 (seribu) ton/tahun sampai dengan kurang dari 3000 (tiga ribu) ton/tahun Kegiatan pengolahan hasil hutan kayu kapasitas produksi 2000 (dua ribu) M3/tahun sampai dengan kurang dari 6000 (enam ribu) M3/tahun Pengolahan hasil hutan kayu dengan kapasitas produksi 2000 (dua ribu) sampai dengan kurang dari 6000 (enam ribu) meter kubik per tahun yang terpadu dengan pengolahan hasil hutan bukan kayu skala kecil Kegiatan pengolahan hasil hutan kayu dengan kapasitas produksi sebesar 6000 (enam ribu) M3/tahun atau lebih Kegiatan pengolahan hasil hutan bukan kayu dengan kapasitas produksi 3000 (tiga ribu) ton/tahun atau lebih Kegiatan pengolahan hasil hutan kayu kapasitas produksi 6000 (enam ribu) M3/tahun atau lebih yang terpadu dengan pengolahan hasil hutan bukan kayu skala menengah,- Mikro - Kecil Mene- ngah Besar,Rendah Menengah Tinggi Tinggi,NIB NIB dan Sertifikat Standar NIB dan Izin,- Proposal teknis,Otomatis 10 Hari,"1. Merealisasi- kan pembangun- an pabrik dan/atau kegiatan pengolahan hasil hutan 2. Menjalankan usahanya sesuai dengan legalitas perizinan berusaha yang dimiliki 3. Menyusun dan menyampai- kan rencana kegiatan operasional setiap tahun melalui Sistem Rencana Pemenuhan Bahan Baku Pengolahan Hasil Hutan 4. Menyampai- kan laporan realisasi kinerja/ kegiatan operasional secara periodik setiap bulan melalui Sistem Rencana Pemenuhan Bahan Baku Pengolahan Hasil Hutan 5. Melaksana- kan penata- usahaan hasil hutan sesuai dengan ketentuan peraturan perundang- undangan 6. Memiliki jaminan legalitas bahan baku dan produk yang diterbitkan oleh Lembaga independent 7. Mengajukan addendum perizinan berusaha apabila merencana- kan penambahan jenis pengolahan dan/atau penambahan Kapasitas Produksi melebihi 30% (tiga puluh persen) dari kapasitas produksi yang diizinkan 8. Memiliki dan/atau mempekerja kan tenaga teknis pengukuran dan pengujian hasil hutan bersertifikat 9. Melaksana- kan pengukuran dan pengujian sesuai ketentuan 10. Membayar PNBP atas jasa pelayanan dokumen angkutan (apabila mengolahan kayu alam dan/atau kayu dari hutan tanaman) 11. Melakukan penyesuaian perubahan data pokok dalam Perizinan Berusaha Pengolahan Hasil Hutan apabila melakukan penambahan jenis pengolahan hasil hutan, penambahan ragam produk olahan, atau melakukan perubahan data pokok Perizinan Berusaha Pengolahan Hasil Hutan melalui addendum Perizinan Berusaha Pengolahan Hasil Hutan 12. Melakukan kegiatan produksi, memiliki sarana dan prasarana kegiatan pengolahan hasil hutan",,Seluruh Seluruh Seluruh,Gubernur Menteri/ Kepala Badan
10,16215,Industri Kayu Laminasi,Kegiatan pengolahan hasil hutan kayu kapasitas produksi kurang dari 2000 (dua ribu) M3/tahun Kegiatan pengolahan hasil hutan bukan kayu kapasitas produksi kurang dari 1000 (seribu) ton/tahun Kegiatan pengolahan hasil hutan bukan kayu kapasitas produksi 1000 (seribu) ton/tahun sampai dengan kurang dari 3000 (tiga ribu) ton/tahun Kegiatan pengolahan hasil hutan kayu kapasitas produksi 2000 (dua ribu) M3/tahun sampai dengan kurang dari 6000 (enam ribu) M3/tahun Pengolahan hasil hutan kayu dengan kapasitas produksi 2000 (dua ribu) sampai dengan kurang dari 6000 (enam ribu) meter kubik per tahun yang terpadu dengan pengolahan hasil hutan bukan kayu skala kecil Kegiatan pengolahan hasil hutan kayu dengan kapasitas produksi sebesar 6000 (enam ribu) M3/tahun atau lebih Kegiatan pengolahan hasil hutan bukan kayu dengan kapasitas produksi 3000 (tiga ribu) ton/tahun atau lebih Kegiatan pengolahan hasil hutan,"- Mikro - Kecil - Mikro - Kecil
:unselected: :unselected: Mene- ngah Mene- ngah Besar",Rendah Menengah Tinggi Menengah Tinggi,NIB NIB dan Sertifikat Standar NIB dan Sertifikat Standar NIB dan Izin,- Proposal teknis,Otomatis 10 Hari,"1. Merealisasi- kan pembanguna n pabrik dan/atau kegiatan pengolahan hasil hutan 2. Menjalankan usahanya sesuai dengan legalitas perizinan berusaha yang dimiliki 3. Menyusun dan menyampaik an rencana kegiatan operasional setiap tahun melalui Sistem Rencana Pemenuhan Bahan Baku Pengolahan Hasil Hutan 4. Menyampai- kan laporan realisasi kinerja/kegi atan operasional secara periodik setiap bulan melalui Sistem Rencana Pemenuhan Bahan Baku Pengolahan Hasil Hutan 5. Melaksana- kan penata- usahaan hasil hutan sesuai dengan ketentuan peraturan perundang- undangan 6. Memiliki jaminan legalitas bahan baku dan produk yang diterbitkan oleh Lembaga independent 7. Mengajukan addendum perizinan berusaha apabila merencana- kan penambahan jenis pengolahan dan/atau penambahan Kapasitas Produksi melebihi 30% (tiga puluh persen) dari kapasitas produksi yang diizinkan 8. Memiliki dan/atau mempekerja- kan tenaga teknis pengukuran dan pengujian hasil hutan bersertifikat 9. Melaksana- kan pengukuran dan pengujian sesuai ketentuan 10. Membayar PNBP atas jasa pelayanan dokumen angkutan (apabila mengolahan kayu alam dan/atau kayu dari hutan tanaman) 11. Melakukan penyesuaian perubahan data pokok dalam Perizinan Berusaha Pengolahan Hasil Hutan apabila melakukan penambahan jenis pengolahan hasil hutan, penambahan ragam produk olahan, atau melakukan perubahan data pokok Perizinan Berusaha Pengolahan Hasil Hutan melalui addendum Perizinan Berusaha Pengolahan Hasil Hutan 12. Melakukan kegiatan produksi, memiliki sarana dan prasarana kegiatan pengolahan hasil hutan",-,Seluruh,Gubernur Menteri/ Kepala Badan
11,16295,Industri Kayu Bakar Dan Pelet Kayu,Kegiatan pengolahan hasil hutan kayu kapasitas produksi kurang dari 2000 (dua ribu) M3/tahun Kegiatan pengolahan hasil hutan bukan kayu kapasitas produksi kurang dari 1000 (seribu) ton/tahun Kegiatan pengolahan Asil hutan bukan kayu kapasitas produksi 1000 (seribu) ton/tahun sampai dengan kurang dari 3000 (tiga ribu) ton/tahun Kegiatan pengolahan hasil hutan kayu kapasitas produksi 2000 (dua ribu) M3/tahun sampai dengan kurang dari 6000 (enam ribu) M3/tahun Pengolahan hasil hutan kayu dengan kapasitas produksi 2000 (dua ribu) sampai dengan kurang dari 6000 (enam ribu) M3/tahun yang terpadu dengan pengolahan hasil hutan bukan kayu skala kecil Kegiatan pengolahan hasil hutan kayu dengan kapasitas produksi sebesar 6000 (enam ribu) M3/tahun atau lebih Kegiatan pengolahan hasil hutan bukan kayu dengan kapasitas produksi 3000 (tiga ribu) ton/tahun atau lebih Kegiatan pengolahan hasil hutan kayu kapasitas produksi 6000 (enam ribu) M3/tahun atau lebih yang terpadu dengan pengolahan hasil hutan bukan kayu skala menengah,- Mikro - Kecil Mene- ngah Besar,Rendah Menengah Tinggi Tinggi,NIB NIB dan Sertifikat Standar NIB dan Izin,Proposal teknis,Otomatis 10 Hari,"1. Merealisasi- kan pembangun- an pabrik dan/atau kegiatan pengolahan hasil hutan 2. Menjalankan usahanya sesuai dengan legalitas perizinan berusaha yang dimiliki 3. . Menyusun dan menyampai- kan rencana kegiatan operasional setiap tahun melalui Sistem Rencana Pemenuhan Bahan Baku Pengolahan Hasil Hutan 4. Menyampai- kan laporan realisasi kinerja/kegi atan operasional secara periodik setiap bulan melalui Sistem Rencana Pemenuhan Bahan Baku Pengolahan Hasil Hutan 5. Melaksana- kan penata- usahaan hasil hutan sesuai dengan ketentuan peraturan perundang- undangan 6. Memiliki jaminan legalitas bahan baku dan produk yang diterbitkan oleh Lembaga independent 7. Mengajukan addendum perizinan berusaha apabila merencana- kan penambahan jenis pengolahan dan/atau penambahan Kapasitas Produksi melebihi 30% (tiga puluh persen) dari kapasitas produksi yang diizinkan 8. Memiliki dan/atau mempekerja kan tenaga teknis pengukuran dan pengujian hasil hutan bersertifikat 9. Melaksana- kan pengukuran dan pengujian sesuai ketentuan 10. Membayar PNBP atas jasa pelayanan dokumen angkutan (apabila mengolahan kayu alam dan/atau kayu dari hutan tanaman) 11. Melakukan penyesuaian perubahan data pokok dalam Perizinan Berusaha Pengolahan Hasil Hutan apabila melakukan penambahan jenis pengolahan hasil hutan, penambahan ragam produk olahan, atau melakukan perubahan data pokok Perizinan Berusaha Pengolahan Hasil Hutan melalui addendum Perizinan Berusaha Pengolahan Hasil Hutan 12. Melakukan kegiatan produksi, memiliki sarana dan prasarana kegiatan pengolahan hasil hutan",,Seluruh,Gubernur Menteri/ Kepala Badan
