slug,category,seoTitle,ringkasan,poin_1,poin_2,poin_3
immigration/bali-2026-the-rules-every-visitor-must-know-before-landing,immigration,Aturan Bali 2026: Syarat Wajib Wisatawan Sebelum Tiba,"Pemerintah Provinsi Bali bersama Direktorat Jenderal Imigrasi Indonesia memberlakukan skema pengawasan ketat serta aturan baru bagi wisatawan mancanegara yang berlaku sepanjang tahun 2026. Regulasi ini mengharuskan setiap warga negara asing untuk mematuhi kewajiban pembayaran retribusi turis, menunjukkan bukti akomodasi legal yang terdaftar resmi, serta mengantongi asuransi kesehatan aktif selama tinggal di Pulau Dewata. Selain itu, pemerintah daerah menindak tegas segala bentuk pelanggaran izin tinggal, bekerja tanpa visa resmi, hingga tindakan yang tidak menghormati adat budaya lokal. Petugas imigrasi mengintensifkan patroli di kawasan wisata utama seperti Canggu, Seminyak, Kuta, dan Ubud guna memastikan ketertiban umum. Para wisatawan diimbau agar selalu memeriksa keabsahan dokumen perjalanan, mematuhi norma sosial setempat, dan mengurus perpanjangan visa sesuai prosedur hukum yang berlaku sebelum kedatangan demi menghindari sanksi deportasi serta pembekuan izin masuk wilayah Indonesia.",Pastikan membayar retribusi wisatawan dan menyiapkan dokumen akomodasi legal sebelum tiba di Bali.,Gunakan jenis visa yang sesuai dengan aktivitas utama Anda untuk menghindari sanksi deportasi.,Miliki asuransi kesehatan aktif yang mencakup perlindungan medis penuh selama berada di Indonesia.
immigration/belgian-biker-deported-after-viral-bali-cliff-stunt-triggers-immigration-crackdown,immigration,Biker Belgia Dideportasi Usai Aksi Viral di Tebing Bali,"Seorang warga negara asal Belgia resmi dideportasi dari Indonesia setelah video aksi berbahaya mengendarai sepeda motor di sepanjang tepi tebing curam di Bali menjadi viral di media sosial. Tindakan nekat tersebut dinilai membahayakan keselamatan jiwa diri sendiri dan masyarakat sekitar serta melanggar norma ketertiban umum di kawasan wisata. Kantor Imigrasi Bali bergerak cepat melakukan penjelajahan lapangan, mengamankan pelaku, dan menerbitkan surat keputusan deportasi disertai penangkalan masuk wilayah Indonesia dalam jangka waktu tertentu. Imigrasi menegaskan bahwa wisatawan asing wajib menghormati hukum lokal, norma kesopanan, dan aturan keselamatan umum. Kasus penindakan tegas ini menjadi peringatan keras bagi seluruh turis asing agar tidak membuat konten provokatif atau aksi berbahaya demi popularitas yang berpotensi merusak citra pariwisata Bali serta memicu sanksi hukum imigrasi. Langkah pengetatan dan evaluasi regulasi keimigrasian ini dilakukan guna menjaga ketertiban umum, kepatuhan hukum, serta memberikan kepastian tata kelola pariwisata yang aman di kawasan Bali dan Indonesia.",Patuhi seluruh peraturan keselamatan jalan raya dan norma kesopanan lokal saat berlibur di Bali.,Hindari membuat konten aksi berbahaya yang berisiko memicu sanksi hukum dan deportasi imigrasi.,Hormati hukum Indonesia karena pelanggaran fasilitas pariwisata berakibat penangkalan masuk wilayah negara.
immigration/dpr-demands-crackdown-on-unlicensed-foreign-businesses-in-bali,immigration,DPR Desak Penertiban Bisnis Asing Tanpa Izin di Bali,"Dewan Perwakilan Rakyat Republik Indonesia mendesak imigrasi dan instansi terkait untuk memperketat penertiban bisnis asing tanpa izin resmi di Bali. Langkah ini diambil setelah ditemukan maraknya warga negara asing yang menjalankan usaha secara ilegal seperti persewaan properti, vila, kendaraan, hingga layanan fotografi tanpa badan hukum PT PMA. DPR menegaskan bahwa aktivitas bisnis ilegal merugikan pendapatan negara dari sektor perpajakan serta mematikan usaha mikro milik warga lokal. Imigrasi bersama Satpol PP dan kepolisian menggelar operasi gabungan berkala untuk memeriksa legalitas perizinan usaha, visa kerja, dan kepatuhan perpajakan para pelaku usaha asing. Setiap pelanggar terancam penutupan tempat usaha, denda administratif berat, hingga sanksi deportasi. Investor asing diimbau untuk mematuhi skema pendirian PT PMA yang legal dan terdaftar resmi pada sistem perizinan terpadu OSS pemerintah.",Didirikan badan hukum PT PMA resmi sebelum menjalankan aktivitas komersial apa pun di Bali.,Gunakan tenaga kerja legal dan penuhi seluruh kewajiban pajak perusahaan secara berkala.,Hindari menjalankan bisnis ilegal terselubung menggunakan visa kunjungan atau visa turis biasa.
immigration/indonesia-cracks-down-on-tourist-visa-workers-bali-in-the-crosshairs,immigration,Sanksi WNA Bekerja Pakai Visa Turis di Bali Diproses,"Pemerintah Indonesia memperketat pengawasan terhadap warga negara asing yang menyalahgunakan visa turis untuk bekerja secara ilegal di Bali. Direktorat Jenderal Imigrasi meningkatkan frekuensi razia lapangan ke lokasi kerja populer seperti coworking space, kafe, vila penyewaan, serta pusat kegiatan digital nomad. Petugas memeriksa identitas, jenis visa, dan izin kerja resmi setiap tenaga kerja asing demi menjaga kedaulatan hukum dan iklim investasi yang adil. Penyalahgunaan visa kunjungan untuk menerima penghasilan lokal berisiko penahanan sementara, deportasi langsung, dan pembekuan izin masuk ke Indonesia. Pemerintah mengimbau para profesional asing untuk mengurus izin kerja resmi berupa KITAS Kerja dan RPTKA atau memilih visa kerja jarak jauh yang diakui hukum agar dapat beraktivitas dengan tenang, aman, dan legal di kawasan Pulau Dewata. Langkah pengetatan dan evaluasi regulasi keimigrasian ini dilakukan guna menjaga ketertiban umum, kepatuhan hukum, serta memberikan kepastian tata kelola pariwisata yang aman di kawasan Bali dan Indonesia.",Jangan sekali-kali bekerja atau menerima kompensasi lokal jika hanya memegang visa turis.,Urusi dokumen izin kerja KITAS dan RPTKA resmi sebelum memulai aktivitas profesional di Indonesia.,Pahami batasan hukum visa kunjungan agar terhindar dari sanksi pidana dan deportasi imigrasi.
immigration/indonesia-investor-kitas-the-complete-immigration-playbook-for-2025,immigration,Syarat Investor KITAS Indonesia: Izin Tinggal Bisnis,"Investor KITAS merupakan solusi izin tinggal berjangka paling aman bagi warga negara asing yang ingin menanamkan modal dan mengelola bisnis secara legal di Indonesia pada tahun 2025 dan 2026. Aturan terbaru menetapkan syarat minimum permodalan dan penyetoran modal disetor sebesar Rp 10 miliar melalui skema pendirian badan hukum PT PMA. Pemegang Investor KITAS mendapatkan berbagai keuntungan seperti hak tinggal hingga dua tahun, fasilitas perpanjangan mudah, serta pembebasan kewajiban pembayaran dana kompensasi DKP-TKA bulanan. Artikel ini menguraikan panduan langkah demi langkah mulai dari pengurusan NIB di sistem OSS, rekomendasi kementerian, hingga persetujuan visa imigrasi. Para investor asing diimbau memastikan seluruh kelengkapan dokumen administratif perusahaan terverifikasi dengan benar untuk menjamin kepastian dan kelancaran kegiatan berinvestasi di Indonesia. Langkah pengetatan dan evaluasi regulasi keimigrasian ini dilakukan guna menjaga ketertiban umum, kepatuhan hukum, serta memberikan kepastian tata kelola pariwisata yang aman di kawasan Bali dan Indonesia.",Penuhi ketetapan modal disetor PT PMA sebesar Rp 10 miliar untuk pengajuan Investor KITAS.,Gunakan sistem OSS pemerintah untuk memproses NIB dan izin usaha perusahaan secara terintegrasi.,Manfaatkan fasilitas pembebasan dana DKP-TKA dengan memegang kualifikasi sebagai direktur atau komisaris.
immigration/indonesia-mobilizes-tourism-defenses-as-global-geopolitical-storms-gather,immigration,Strategi Pariwisata Indonesia Hadapi Gejolak Global,"Di tengah ketidakpastian geopolitik global dan potensi krisis ekonomi dunia, Pemerintah Indonesia memperkuat benteng pertahanan sektor pariwisata nasional khususnya untuk wilayah destinasi utama Bali. Strategi yang diambil berfokus pada diversifikasi pasar wisatawan mancanegara, peningkatan standar pelayanan pariwisata, serta pengetatan regulasi keselamatan dan keamanan destinasi. Kemenparekraf berkolaborasi dengan instansi imigrasi guna menyaring profil pengunjung berkualitas yang berkontribusi positif bagi perekonomian lokal. Langkah antisipatif ini juga mencakup perlindungan rantai pasok industri pariwisata, promosi destinasi unggulan alternatif, dan penguatan infrastruktur digital. Pemerintah optimistis sektor pariwisata tetap tangguh menghadapi tantangan luar negeri melalui tata kelola yang terintegrasi, penegakan hukum yang konsisten, dan kerja sama erat antara pelaku usaha pariwisata dengan masyarakat setempat. Langkah pengetatan dan evaluasi regulasi keimigrasian ini dilakukan guna menjaga ketertiban umum, kepatuhan hukum, serta memberikan kepastian tata kelola pariwisata yang aman di kawasan Bali dan Indonesia.",Fokus pada penawaran pariwisata berkualitas tinggi untuk menarik wisatawan asing yang berdaya beli.,Perkuat kerja sama lintas instansi dalam mengamankan destinasi dari dampak ketidakpastian geopolitik global.,Dukung diversifikasi destinasi pariwisata guna meratakan pertumbuhan ekonomi di luar kawasan Bali selatan.
immigration/indonesia-tightens-passport-rules-originals-required-at-interview,immigration,Syarat Paspor Baru: Dokumen Asli Wajib Saat Wawancara,"Direktorat Jenderal Imigrasi Indonesia mengetatkan prosedur pembuatan dan penggantian paspor bagi warga negara Indonesia dengan mewajibkan pemohon membawa dokumen persyaratan asli saat wawancara. Aturan ini diberlakukan untuk mencegah tindak pidana perdagangan orang (TPPO), pemalsuan identitas, dan penyalahgunaan dokumen negara oleh pihak tidak bertanggung jawab. Pemohon wajib menunjukkan berkas asli seperti KTP, Kartu Keluarga, akta kelahiran atau ijazah, serta dokumen pendukung permohonan kerja atau studi luar negeri. Petugas imigrasi berwenang menolak permohonan jika ditemukan ketidaksesuaian data atau dokumen pendukung yang mencurigakan. Masyarakat diimbau hadir tepat waktu sesuai jadwal pada aplikasi M-Paspor dan memastikan seluruh berkas administratif lengkap guna menghindari penundaan atau pembatalan proses permohonan paspor di kantor imigrasi. Langkah pengetatan dan evaluasi regulasi keimigrasian ini dilakukan guna menjaga ketertiban umum, kepatuhan hukum, serta memberikan kepastian tata kelola pariwisata yang aman di kawasan Bali dan Indonesia.",Bawa seluruh dokumen identitas diri asli saat menghadiri sesi wawancara pembuatan paspor imigrasi.,"Pastikan keabsahan data administratif antara KTP, Akta Kelahiran, dan Kartu Keluarga terdata selaras.",Gunakan aplikasi resmi M-Paspor untuk pendaftaran antrean secara mandiri tanpa bantuan calo.
immigration/indonesias-visa-landscape-for-bali-bound-foreigners-what-you-need-to-know,immigration,Opsi Visa Bali 2026: Aturan Lengkap Izin Masuk WNA,"Lanskap pervisaan Indonesia untuk warga negara asing yang hendak berkunjung atau menetap di Bali mengalami pembaruan regulasi yang signifikan pada tahun 2026. Pemerintah menyediakan beragam pilihan izin masuk, mulai dari Visa on Arrival (VoA), E-Visa Kunjungan Bisnis, Digital Nomad Visa (E33G), Investor KITAS, hingga Second Home Visa dan Golden Visa. Setiap jenis visa memiliki batasan durasi, hak kepekerjaan, dan persyaratan administratif yang amat spesifik. Pengunjung asing diimbau memahami perbedaan dasar antara visa kunjungan wisata dengan visa tinggal terbatas agar tidak terjerat kasus hukum imigrasi. Proses pengajuan kini dipermudah melalui portal resmi e-Visa imigrasi secara daring. Pemilihan izin tinggal yang tepat sesuai rencana aktivitas menjamin kenyamanan berkunjung dan kepatuhan hukum yang berlaku di Indonesia. Langkah pengetatan dan evaluasi regulasi keimigrasian ini dilakukan guna menjaga ketertiban umum, kepatuhan hukum, serta memberikan kepastian tata kelola pariwisata yang aman di kawasan Bali dan Indonesia.",Pilihlah skema visa yang tepat dan sesuai dengan tujuan utama aktivitas Anda di Bali.,Ajukan permohonan visa secara daring melalui portal resmi e-Visa imigrasi sebelum keberangkatan.,Perhatikan batas waktu izin tinggal dan segera lakukan perpanjangan legal sebelum masa berlaku habis.
immigration/indonesias-work-permit-maze-what-expats-must-know-before-taking-the-job,immigration,Aturan Izin Kerja Ekspat Indonesia: Ketentuan Legal,"Memahami alur dan aturan izin kerja bagi ekspatriat di Indonesia merupakan hal krusial sebelum memulai aktivitas pekerjaan secara resmi. Regulasi ketenagakerjaan mengharuskan perusahaan pemberi kerja memiliki Pengesahan Rencana Penggunaan Tenaga Kerja Asing (RPTKA) dari Kementerian Ketenagakerjaan serta membayarkan dana kompensasi DKP-TKA secara rutin. Selain itu, terdapat ketentuan pendampingan oleh tenaga kerja lokal untuk proses alih teknologi dan batasan kualifikasi jabatan yang boleh diisi oleh warga negara asing. Bekerja tanpa izin resmi berisiko sanksi pidana ketenagakerjaan, denda besar bagi perusahaan, serta tindakan deportasi bagi ekspat terkait. Artikel ini menyajikan panduan praktis kelengkapan dokumen, persyaratan kualifikasi profesional, hingga kepatuhan pelaporan berkas ketenagakerjaan secara akurat dan tepat waktu. Langkah pengetatan dan evaluasi regulasi keimigrasian ini dilakukan guna menjaga ketertiban umum, kepatuhan hukum, serta memberikan kepastian tata kelola pariwisata yang aman di kawasan Bali dan Indonesia.",Pastikan perusahaan pemberi kerja telah mengantongi pengesahan dokumen RPTKA resmi dari kementerian.,Hindari menerima pekerjaan pada kategori jabatan yang dilarang bagi tenaga kerja asing.,Lakukan alih pengetahuan bersama tenaga kerja pendamping lokal sesuai ketentuan undang-undang ketenagakerjaan.
immigration/lombok-rising-why-indonesias-second-island-is-rewriting-the-expat-playbook,immigration,Daya Tarik Lombok bagi Ekspat: Alternatif Properti Bali,"Pulau Lombok kini berkembang pesat menjadi alternatif utama destinasi investasi properti dan hunian bagi ekspatriat yang menginginkan suasana lebih tenang dibandingkan Pulau Bali. Pertumbuhan ekonomi di kawasan Kuta Mandalika dan Lombok Barat didorong oleh pembangunan infrastruktur jalan utama, bandara internasional, dan fasilitas pariwisata terpadu. Harga lahan properti yang relatif terjangkau serta potensi imbal hasil sewa yang tinggi menarik minat investor asing untuk membangun vila dan resort. Meski demikian, para pelaku bisnis diimbau cermat dalam melakukan pemeriksaan status tanah, zonasi tata ruang lokal, serta aspek kelestarian lingkungan hidup. Lombok memberikan peluang besar namun menuntut pendekatan hukum properti yang transparan dan kepatuhan perizinan yang sama ketatnya dengan aturan di Pulau Bali. Langkah pengetatan dan evaluasi regulasi keimigrasian ini dilakukan guna menjaga ketertiban umum, kepatuhan hukum, serta memberikan kepastian tata kelola pariwisata yang aman di kawasan Bali dan Indonesia.",Manfaatkan peluang pasar properti Lombok yang sedang berkembang pesat dengan potensi imbal hasil tinggi.,Lakukan pemeriksaan aspek legalitas dan sertifikasi tanah secara cermat sebelum melakukan pembelian.,Patuhi regulasi zonasi daerah dan perizinan lingkungan hidup setempat demi keamanan investasi.
immigration/surviving-the-unexpected-emergency-preparedness-for-expats-in-indonesia,immigration,Kesiapsiagaan Bencana Ekspat di Indonesia: Prosedur,"Kesiapsiagaan menghadapi kondisi darurat dan bencana alam merupakan panduan krusial yang wajib dipahami oleh seluruh warga negara asing yang tinggal di Indonesia. Sebagai negara yang berada di wilayah Cincin Api Pasifik, Indonesia berpotensi mengalami gempa bumi, letusan gunung berapi, dan tsunami. Artikel ini memberikan panduan praktis bagi ekspatriat untuk menyiapkan tas siaga bencana, mencatat nomor telepon darurat nasional, serta mendaftarkan identitas diri pada kedutaan negara asal. Selain itu, ekspat disarankan memiliki asuransi jiwa dan kesehatan dengan cakupan evakuasi medis, serta memahami jalur evakuasi di lingkungan tempat tinggal masing-masing. Langkah antisipasi yang terencana dengan baik dapat menjamin keselamatan diri dan keluarga saat terjadi situasi darurat yang tidak terduga di tanah air. Langkah pengetatan dan evaluasi regulasi keimigrasian ini dilakukan guna menjaga ketertiban umum, kepatuhan hukum, serta memberikan kepastian tata kelola pariwisata yang aman di kawasan Bali dan Indonesia.",Siapkan perlengkapan dokumen dan tas siaga bencana di tempat yang mudah dijangkau.,Daftarkan keberadaan Anda pada kedutaan besar negara asal untuk mempermudah bantuan evakuasi.,Simpan kontak darurat lokal dan pahami peta jalur evakuasi bencana di wilayah Anda.
immigration/ubuds-mixology-moment-masks-a-minefield-for-foreign-bartenders,immigration,Risiko Hukum Bartender Asing di Industri F&B Ubud,"Tren industri kuliner dan seni mixology minuman yang berkembang pesat di Ubud Bali ternyata menyimpan potensi risiko hukum bagi tenaga kerja asing khususnya profesi bartender. Pemerintah menaruh perhatian serius terhadap keberadaan warga asing yang bekerja sebagai bartender atau staf hospitality tanpa mengantongi izin kerja RPTKA dan KITAS resmi. Jabatan di sektor pelayanan mikro pariwisata diprioritaskan sepenuhnya untuk tenaga kerja lokal Indonesia. Pemilik restoran dan pengusaha asing yang mempekerjakan bartender asing secara ilegal terancam sanksi penutupan tempat usaha dan denda administratif berat. Pemilik usaha diimbau mematuhi daftar jabatan terbuka bagi asing dan senantiasa memberdayakan bakat lokal untuk mengisi posisi operasional bar secara legal dan teratur. Langkah pengetatan dan evaluasi regulasi keimigrasian ini dilakukan guna menjaga ketertiban umum, kepatuhan hukum, serta memberikan kepastian tata kelola pariwisata yang aman di kawasan Bali dan Indonesia.",Patuhi daftar aturan jabatan terlarang bagi warga asing di sektor industri pariwisata.,Rekrut dan berdayakan tenaga profesional lokal untuk mengisi posisi operasional bartender restoran.,Hindari mempekerjakan staf asing tanpa dokumen izin kerja resmi demi keamanan legalitas usaha.
immigration/us-tax-failure-clouds-world-cup-2026-for-host-nations-and-visitors,immigration,Dampak Pajak AS pada Piala Dunia 2026 dan Pengunjung,"Permasalahan kerangka perpajakan di Amerika Serikat menimbulkan dampak dan ketidakpastian bagi penyelenggaraan event olahraga internasional serta mobilitas pengunjung global menjelang Piala Dunia 2026. Kewajiban pelaporan pajak lintas negara (FATCA) dan regulasi kepatuhan fiskal menjadi perhatian utama bagi para profesional serta wisatawan yang melakukan aktivitas finansial antarnegara. Kegagalan pemenuhan administrasi perpajakan dapat memicu sanksi keuangan, pembekuan rekening bank, dan kendala perjalanan imigrasi. Artikel ini mengulas implikasi regulasi pajak internasional bagi warga negara dan pelaku bisnis yang beraktivitas lintas batas, serta menekankan pentingnya konsultasi bersama ahli pajak terakreditasi guna menjamin kelancaran kepatuhan fiskal di tingkat global secara tepat dan terukur. Langkah pengetatan dan evaluasi regulasi keimigrasian ini dilakukan guna menjaga ketertiban umum, kepatuhan hukum, serta memberikan kepastian tata kelola pariwisata yang aman di kawasan Bali dan Indonesia.",Konsultasikan kewajiban pelaporan pajak internasional Anda bersama konsultan fiskal terpercaya secara rutin.,Pahami ketentuan pelaporan FATCA untuk mencegah risiko pemblokiran aset keuangan antarnegara.,Lakukan perencanaan perpajakan yang matang sebelum melakukan transaksi bisnis lintas batas negara.
property/bali-property-2026-new-laws-reshape-the-market-for-foreign-buyers,property,Aturan Hukum Properti Bali 2026 bagi Pembeli Asing,"Regulasi properti Bali terbaru tahun 2026 mengubah tata cara dan dinamika transaksi bagi pembeli dan investor asing di Indonesia. Pemerintah menegaskan kembali batasan hak atas tanah di mana WNA hanya diperbolehkan menguasai properti melalui skema Hak Pakai atau Hak Sewa (Leasehold) atas nama pribadi atau melalui kepemilikan PT PMA. Penggunaan skema nominee atau perjanjian balik nama pribadi secara tegas dilarang oleh hukum dan berisiko pembatalan demi hukum tanpa ganti rugi. Selain itu, pembeli asing wajib memperhatikan batas minimum harga jual properti yang ditetapkan pemerintah daerah. Investor dianjurkan melakukan uji tuntas (due diligence) atas sertifikat tanah dan perizinan bangunan sebelum menandatangani akta perjanjian jual beli di hadapan pejabat Notaris PPAT. Kepatuhan terhadap aturan hukum properti serta keabsahan izin tata ruang menjadi jaminan utama keamanan aset dan investasi jangka panjang bagi para pembeli asing di wilayah Bali.",Gunakan skema legal Hak Pakai atau PT PMA untuk kepemilikan properti asing.,Hindari penggunaan skema nominee karena berisiko hukum pembatalan kepemilikan tanah secara total.,Lakukan due diligence atas legalitas sertifikat tanah dan izin PBG sebelum bertransaksi.
property/balis-zoning-map-the-rules-that-decide-where-you-can-build,property,Peta Zonasi Properti Bali: Batasan Lokasi Bangunan,"Peta zonasi properti Bali merupakan acuan hukum utama yang menentukan lokasi mana yang boleh dibangun akomodasi pariwisata, fasilitas komersial, atau kawasan permukiman. Pemerintah Daerah Bali menerapkan klasifikasi zonasi ketat yang membagi wilayah menjadi zona hijau pertanian terlarang, zona pemukiman kuning, dan zona pariwisata merah. Membangun vila komersial di atas zona hijau berakibat sanksi pembongkaran bangunan, penolakan penerbitan Persetujuan Bangunan Gedung (PBG), serta denda tata ruang. Investor wajib memeriksa Rencana Detail Tata Ruang (RDTR) di dinas perizinan setempat sebelum membeli atau menyewa tanah. Kepatuhan terhadap zonasi menjamin kelangsungan investasi properti yang aman dan bebas dari ancaman masalah sengketa hukum daerah. Kepatuhan terhadap aturan hukum properti serta keabsahan izin tata ruang menjadi jaminan utama keamanan aset dan investasi jangka panjang bagi para pembeli asing di wilayah Bali.",Periksalah kualifikasi tata ruang RDTR daerah sebelum membeli atau menyewa tanah di Bali.,Jangan sekali-kali mendirikan bangunan komersial di atas lahan bertanda zona hijau pertanian.,Pastikan penerbitan dokumen Izin Kesesuaian Kegiatan Pemanfaatan Ruang (KKPR) selesai sebelum pembangunan.
property/tempehs-ancient-roots-indonesias-fermented-soybean-is-a-global-superfood,property,Tempe Indonesia: Superfood Fermentasi Warisan Jawa,"Tempe makanan tradisional khas Indonesia berdasar fermentasi kedelai kini diakui sebagai superfood bergizi tinggi di panggung kuliner dunia. Makanan warisan budaya Jawa ini kaya akan protein nabati, probiotik alami untuk kesehatan pencernaan, serta bebas kolesterol. Artikel ini mengulas akar sejarah proses pembuatan tempe tradisional, keunggulan gizi dibandingkan bahan pangan nabati lainnya, serta potensi pengembangan usaha ekspor produk olahan tempe ke pasar internasional. Popularitas tempe di kalangan gaya hidup vegan dan vegetarian menciptakan peluang bisnis baru bagi pelaku usaha kuliner di Bali. Inovasi kemasan modern dan standar higiene ketat menjadi kunci utama membawa produk olahan tempe meluas ke mancanegara secara profesional. Kepatuhan terhadap aturan hukum properti serta keabsahan izin tata ruang menjadi jaminan utama keamanan aset dan investasi jangka panjang bagi para pembeli asing di wilayah Bali.",Integrasikan tempe sebagai bahan makanan bergizi tinggi dalam konsep bisnis kuliner sehat Anda.,Tingkatkan standar higiene dan pengemasan produk tempe untuk memenuhi kriteria pasar ekspor.,Manfaatkan tren gaya hidup sehat global untuk memasarkan produk olahan tempe inovatif.
business/running-a-pt-pma-in-indonesia-the-compliance-obligations-every-foreign-investor-must-meet,business,Kewajiban Compliance PT PMA: Aturan Investor 2026,"Menjalankan badan hukum PT PMA di Indonesia mewajibkan setiap investor asing untuk memenuhi serangkaian kewajiban kepatuhan hukum dan regulasi secara konsisten. Kewajiban tersebut meliputi penyampaian Laporan Kegiatan Penanaman Modal (LKPM) setiap triwulan ke BKPM, kepatuhan pelaporan perpajakan bulanan dan tahunan, serta pendaftaran kepesertaan BPJS Ketenagakerjaan dan Kesehatan bagi karyawan. Kelalaian dalam penyampaian LKPM dapat berimbas pada peringatan tertulis hingga pencabutan Perizinan Berusaha NIB dari portal OSS. Perusahaan juga wajib memastikan ketersediaan kantor operasional legal dan memenuhi nilai realisasi modal disetor. Tata kelola perusahaan yang tertib meminimalisir risiko sanksi dan menjamin keberlanjutan bisnis di Indonesia secara jangka panjang. Pemenuhan seluruh legalitas perizinan usaha dan akuntabilitas laporan penanaman modal sangat krusial demi menjaga kelancaran operasional serta keamanan iklim berinvestasi bagi investor asing.",Laporkan LKPM triwulanan secara berkala pada sistem BKPM untuk menjaga keaktifan perizinan NIB.,Penuhi seluruh kewajiban pembukuan perpajakan dan pendaftaran BPJS karyawan tepat pada waktunya.,Pastikan realisasi komitmen permodalan PT PMA sesuai dengan ketentuan peraturan penanaman modal.
business/the-truth-about-foreign-property-ownership-in-indonesia,business,Aturan Kepemilikan Properti WNA di Indonesia: Legal,"Membongkar fakta dan mitos kepemilikan properti oleh warga negara asing di Indonesia adalah langkah awal yang sangat penting bagi calon pembeli properti di Bali. Berdasarkan Undang-Undang Pokok Agraria, WNA tidak dapat memiliki tanah dengan Hak Milik (Freehold). Kepemilikan legal bagi individu asing dibatasi pada Hak Pakai atas nama pribadi dengan jangka waktu yang ditentukan hukum atau Hak Guna Bangunan (HGB) di atas badan usaha PT PMA. Penggunaan perjanjian nominee kerap dipromosikan secara tidak bertanggung jawab padahal secara tegas batal demi hukum. Pembeli wajib berkonsultasi dengan Notaris PPAT terpercaya untuk memastikan keabsahan sertifikat tanah demi melindungi aset investasi dalam jangka panjang secara aman dan transparan. Pemenuhan seluruh legalitas perizinan usaha dan akuntabilitas laporan penanaman modal sangat krusial demi menjaga kelancaran operasional serta keamanan iklim berinvestasi bagi investor asing.",Pahami bahwa WNA dilarang memiliki tanah Hak Milik pribadi sesuai Undang-Undang Agraria Indonesia.,Gunakan jalur Hak Pakai atau Hak Guna Bangunan PT PMA yang sah secara hukum.,Gunakan jasa Notaris PPAT terpercaya untuk memeriksa kelengkapan status legal sertifikat tanah.
lifestyle/bali-sets-663m-tourist-target-while-raising-the-bar-for-entry,lifestyle,Target Wisatawan Bali 2026: Syarat Masuk Diperketat,"Pemerintah Provinsi Bali menetapkan target penerimaan 6,63 juta kunjungan wisatawan mancanegara pada tahun 2026 seraya meningkatkan kualitas saringan kunjungan di pintu masuk pulau. Pemerintah tidak hanya mengejar kuantitas jumlah turis tetapi juga memfokuskan peningkatan kualitas pengeluaran ekonomi dan lama tinggal wisatawan. Pengetatan persyaratan mencakup pemeriksaan dokumen identitas, asuransi perjalanan, serta pemungutan pajak turis secara efisien di bandara. Pengawasan difokuskan pada pencegahan pelanggaran izin tinggal dan pencegahan tindak kejahatan oleh warga asing. Langkah ini diharapkan mampu menciptakan ekosistem pariwisata Bali yang berkualitas, aman, berkebudayaan, dan berkelanjutan bagi masa depan pariwisata nasional. Penerapan standar baru pariwisata ini diharapkan mampu menciptakan ekosistem pariwisata yang lebih berkualitas, aman, berkebudayaan, serta berkelanjutan bagi seluruh pengunjung di Pulau Bali. Tata kelola pariwisata terpadu ini menjadi garansi perlindungan hak dan kenyamanan wisatawan asing.",Siapkan dokumen perjalanan lengkap dan bukti pembayaran pajak turis sebelum memasuki Bali.,Manfaatkan peluang bisnis pariwisata yang berorientasi pada wisatawan berkualitas berdaya beli tinggi.,Patuhi seluruh standar aturan pariwisata berkelanjutan untuk menjaga ketertiban umum di pulau Bali.
tax-legal/indonesia-draws-the-line-gci-is-for-diaspora-golden-visa-is-for-investors,tax-legal,Bedanya GCI dan Golden Visa Indonesia bagi Investor,"Pemerintah Indonesia menegaskan perbedaan prinsipil antara program Fasilitas Kewarganegaraan Diaspora (GCI) dan Golden Visa bagi warga negara asing. Program GCI ditujukan khusus untuk mantan WNI dan keturunan diaspora Indonesia untuk memudahkan ikatan kebudayaan dan kepemilikan aset di tanah air. Sementara itu, Golden Visa dirancang sebagai instrumen izin tinggal jangka panjang berbasis investasi dana bagi investor perorangan dan korporasi skala besar. Artikel ini menerangkan persyaratan dana komitmen, cakupan hak fasilitas imigrasi, serta tata cara permohonan masing-masing program. Pemahaman batas regulasi ini penting agar pemohon dapat memilih jenis izin tinggal yang tepat sesuai kualifikasi hukum dan tujuan berinvestasi di Indonesia. Kepastian kerangka hukum perpajakan dan izin tinggal berbasis investasi menjadi fondasi utama dalam menciptakan rasa aman serta transparansi finansial bagi para pelaku usaha internasional.",Pilihlah skema Golden Visa jika Anda mengajukan izin tinggal berbasis komitmen investasi modal.,Gunakan kualifikasi program GCI khusus bagi Anda yang terbukti memiliki garis keturunan diaspora Indonesia.,Persiapkan nilai komitmen dana investasi sesuai dengan ketentuan yang diatur Ditjen Imigrasi.
