no,kode_kbli,judul_kbli,ruang_lingkup,skala_usaha,tingkat_risiko,perizinan_berusaha,persyaratan,jangka_waktu_penerbitan,kewajiban,pb_uu_ikm,parameter,kewenangan
,02209,Usaha Lembaga - Mikro Tinggi NIB dan 1. Pemohon 20 Hari 1. Membuat Seluruh Menteri/,,,Tinggi,NIB dan,"1. Membuat Seluruh 2. Membuat yang yaitu 3. Melakukan kebun karya pembangunbinatang, pengelolaan an taman lembaga infrastruktur satwa, konservasi 4. Mengelola taman untuk lembaga satwa kepentingan konservasi khusus, umum secara kebun 3. Proposal intensif botani, teknis sesuai herbarium,",20 Hari,,,Seluruh,Menteri
,52295,C l.C.2 Ttngket Perizinan Persyaratan Janglra Kcwqilban PB Parameter Kewenangan KBLI KBLI Llngkup Usaha Rislko,,,Tinggi,NIB dan,6. Persetujuan kan laporan teknis triwulan dan 8. Bukti an pembayaran pengelolaan 1. Membangun Seluruh,14 Hari,,,Seluruh,Menteri
,52576,C PRESIDEN REPUBLTK INDONESIA Tingkat Perlzinan Pcrsyaratan Jangla KcwaJiban PB Panmeter Keweaangan KBLI KBLI Lingkup,,,,,"2. Memiliki BUMD, 2. Dokumen limbah legalitas asal kotoran dan usul induk, sisa benih atau makanan bibit satwa 3. Menyusun teknis laporan 4. Bukti triwulan, kepemilikan membuat atau legalitas studbook, penguasaan 5. Persetujuan dan/atau teknis pencatatan",,,,,
,52297,C t.c.4 No Kode Judul Ruang SLaIa Tingtat Perizinan Persyaratan Jangka Kewajiban PB Parameter Keweaangan,,,Tinggi,NIB dan,7. Bukti kesejahterapembayaran an satwa 1. Membangun Seluruh 2. Proposal memadai dan 3. Pertimbangan ketentuan teknis dari perundangKepala 2. Memiliki Besar,14 Hari,,,Seluruh,Menteri
,52299,C No Kode Judul Ruang SLala Tinglet Perizlnan Persyaratan Jangka KewaJiban PB Plrameter Kewcaangen KBLI,,,,,"2. Proposal an yang teknis memadai dan 3. Pertimbangan memenuhi teknis dari ketentuan 2. Memiliki dilampiri 4. Pakta menyampaiintegritas kan laporan yang transaksi bermeterai 5. Bukti kan kondisi pembayaran satwa hidup,",,,,,
,52300,C PRESIDEN REPUBLIK INOONESIA IIo Kode Judul Ruang SLafe TingLat Pcrizlnan Persyaratan Jangka Kewqfiban PB,,,Tinggi,NIB dan,1. Memelihara 2. Proposal yang teknis diperagakan 3. Pertimbangan 2. Menyampaiteknis kan laporan 4. Bukti mengenai kepemilikan perkembansSK,14 Hari,,,Seluruh,Menteri
,52301,C I{o Kode Judul Ruang SLala TingLet Periziann Persyaratan JangLa Kcwqiiban PB Perameter Kewcnangan KBLI,,,,,5. Sertifikasi (enam) bulan dan/atau sekali kepada penandaan 3. Mengasuranketerangan sikan kesehatan tumbuhan satwa untuk dan satwa jenis satwa liar liar hidup dilindungi dari instansi yang yang diperagakan berwenang 4. Menyiapkan 7. Pakta bank garansi integritas sebagai dana yang jaminan bermeterai untuk 8. Bukti pengangkutpembayaran an kembali,,,,,
,52302,C No Kodc Judul Ruang St ala TingLat Perizinan Persyaratan Jangta Kewrjiban PB Parameter Keweaangan,,,,,5. Membayar perundangiuran/ undangan pungutan spesimen tumbuhan dan satwa liar yang diperagakan sesuai ketentuan yang berlaku 6. Menyampaikan laporan disertai,,,,,
,52303,C No Kode Judul Ruang SLala TtngLat Perizinan Persyaratan Janglra Kewqfiban PB Paramctcr Kewenengan KBLI,,,,,7. Menggunakan prasarana dalam melakukan pengangkutan tumbuhan,,,,,
,52304,C FRESIDEN REPUBLIK INOONESIA I5o Kode Judul Ruang Stala Tingkat Perizinan Pereyaratan Jangka Kcwqiiban PB,,,Tinggi,NIB dan Izin,1. MenyelengSeluruh,25 Hari,,,Seluruh,Menteri
,52305,C t.c.I2 No Kode Judul Rueag SLala Tinglat Perizinen Persyaratan Jangka Kewqilban PB Perameter Kewenangen,,,,,2. Persetujuan 3. Berita acara merupakan pemberian penjabaran tanda batas per tahun areal dari rencana 4. peta usulan kegiatan areal eksplorasi kegiatan jasa eksplorasi lingkungan dan dilampiri panas bumi dengan data 3. Melaksanashapefrle kan 5. Peta citra perlindungan penginderaan dan jauh penSamanan,,,,,menteri
,52307,C FRESIDEN REPUBLIK INDONESIA r.c.14 ilo Kode Judul Ruang Skale TingLat Pcrlzlnen Pcrsyaratan Jaugla Kcwqiiben,,,,,7. Bukti Kegiatan pembayaran,,,,,
,52308,C Irlo Kode Judul Ruang Stala Tinglet Periziaan Persyaraten Jaaglre Kewqiiban PB Paremeter Kewcnangan KBLI,,,,,5. Melaksanakan 6. Menyelesaikan konflik sosial atau tenurial dengan cara persuasif,,,,,
,52310,C t.c.t7 IYo Kode Judul Ruang Sttela Tlnglet Periziuan Persyaratan Jangka KewaJibaa PB Parameter Kewenangan,,,,,7. Melaksanakan ketentuan sebagaimana termuat dalam 8. Memelihara aset negara bagi pemegang izir: yang memanfaatkan infrastruktur milik negara 9. Memiliki sumber daya manusia dan tenaga ahli di bidans,,,,,
,52312,C IYo Kode Judul Ruang SLala Tingket Pcrlzlnea Persyaratan Janglra Kewqilban PB Parameter Kewcnangan KBLI,,,,,12. Mengalokasikan anggaran yang memadai untuk pemenuhan kewajiban di bidang konservasi sumber daya alam dan ekosistemnya antara lain untuk kesiatan:,,,,,
,52313,C r.c.20 ilo Kode Judul Ruang SLala Tingkat Perizinan Pcrsyaratan Jengla Kewqiiban PB Parameter Kewenangan,,,,,,,,,,
,52314,C l No Kode Judul Ruang SLala Ttngket Perlzinan Persyaratan Jangta KewaJiban PB Parameter Kewenangan,,,,,13. Membuat laporan pelaksanaan,,,,,
,52315,C r.c.22 No Kode Judul Ruang SLqlq Tinglrt Pcrizinan Persyaratan Jengta Kewejlban PB Parameter Kewenangen,,,,,"14. Melaksanakan koordinasi, monitoring, dan evaluasi secara berkala dengan 15. Memiliki pas masuk kawasan",,,,,Menteri
,23160,1.c.23 No Kodc Judul Ruang SLrla TtngLat Perizinan Persyaratan Jangka KewaJiban PB Parameter Kewenangan KBLI,,,,,16. Memelihara aset hasil pelaksanaan kegiatan eksplorasi,,,,,
,52317,C PRES DEN I REPUBLIK INDONESIA r.c.24 No Kode Judul Ruang glrcla Ttnglet Perlzlnen Persyaratan,,,Tinggi,NIB dan Izin,1. MenyelengSeluruh,,,,Seluruh,Menteri
,52318,C r.c.25 ItIo Kodc Judul Ruang Slrale Tingkat Periziaaa Persyeretan JangLa Kcwqfiban PB Parametcr Kewcnangen,,,,,2. Persetujuan peraturan 3. Berita acara ekosistem pemberian 4. Peta usulan kan 5. Peta citra yang penginderaan disahkan jauh,,,,,Menteri
,52319,C r.c.26 IIo Kode Judul Ruang Sta.L Tiaglat Perizinan Persyaratan JaugLa Kcwajibau PB Peremeter Kcwcaangan,,,,,7. Hasil Studi dan 8. Bukti yang pembayaran disahkan,,,,,
,52320,C r.c.27 IIo Kode Judul Ruang Skela TingLat Perlzlnan Persyeratan Jangta KewaJiben PB Peremeter Kcwcaangan,,,,,4. Membayar PNBP berupa pungutan secara berkala,,,,,
,52321,C PRESIDEN REPLIBLIK INDONESIA r.c.28 Ilo Kode Judul Ruang SLeL Tinglat Perizinan Pcrsyeratan Jangta Kcwqflban,,,,,5. Melaksanakan perlindungan dan pengamanan kawasan dan potensinya bersama 6. Menyelesaikan konflik sosial atau tenurial dengan cara persuasif,,,,,
,52322,C r.c.29 No Kode Judul Rueng SLala Tinglat Pcrizinan Persyaratan Janglra KewaJiban PB Paramcter Kcwcnengan,,,,,,,,,,
,52323,C LC.30 IYo Kodc Judul Ruaag Stala Tingkat Pcrizinan Persyaratan Jangta Kewqiiban PB Peremeter Kewcnangan,,,,,8. Melaksanakan penanaman dan pemeliharaSK,,,,,
,52324,C r.c.31 ItIo Kode Judul Ruang SLnle Tingkat Pcrizinan Persyaraten Jangle KewaJibea PB Paremeter Kewenengan,,,,,9. Melaksanakan ketentuan sebagaimana termuat dalam dokumen 11. Memiliki sumber daya manusia cian tenaga ahli di bidang konservasi alam dan ekosistem di dalam melaksanakan kegiatan terkait konservasi keanekaragaman hayati dan restorasi kawasan,,,,,
,52326,C r.c.33 No Kode Judul Ruang SLala Tingkat Perizinan Persyaratan JangLa Kcwqjlban PB Parameter Kewenangan,,,,,12. Mendukung pemangku kawasan dalam pengelolaan kawasan 13. Melaksanakan restorasi ekosistem pada 14. Mengalokasikan anggaran,,,,,
,52327,C r.c.34 IlIo Kode Judul Ruang Stala Ttngtat Perizlaan Persyeratan Jenglra Kewqiiban PB Paramcter Kewenaagan,,,,,,,,,,
,52328,C PRES DEN I REPUBLIK INDONESIA No Kode Judul Ruang St ala TingLat Perlzlnen Persyaratan,,,,,15. Membuat laporan pelaksanaan,,,,,
,52329,C PRESIDEN REPUBLTK INDONESIA r.c.36 IVo Kode Judul Ruang SLrh Ttngkat Periziaan Persyarataa JangLe KewaJiban,,,,,"16. Melaksanakan koordinasi, monitoring, dan evaluasi secara berkala",,,,,menteri
,52330,C r.c.37 No Kodc Judul Ruaag Slrela Ttnglet Perlzlnan Persyaratan Jangle KewaJiban PB Parameter Kewenangan,,,Tinggi,NIB dan Izin,17. Memiliki pas masuk kawasan 18. Memelihara aset kegiatan eksploitasi dan pemanfaatan sampai dengan berakhirnya perizinan 1. Menjaga agar l.Taman 1. Gubernur an jasa - 2. Bupati/ lingkung- -,25 Hari,,,,Gubernur
,52332,C No Kode Judul Ruang St nla TtngLat Perizinan Persyeratea Jangke KewaJiban PB Paramcter Kewcnangan,,,rendah,,3. Disain fisik 4. Peta usulan,,,,,Menteri
,10000,"(satu 2. Merehabilitaprovinsi, lingkungberbanding si kerusakan dan taman an air sepuluh ribu) yang tedadi buru",,,,,"2. Merehabilitaprovinsi, lingkungberbanding si kerusakan dan taman an air sepuluh ribu) yang tedadi buru skala/ dan dilampiri akibat kategori dengan data kegiatan kecil untuk shapefile 5. Rencana Jasa usaha pengusahaan 3. an massa Jasa",,,,,
,52333,C LC.40 Itlo Kode Judul Ruang SLrla TtngLat Perizinan Persyaratan Janglra Kcwqiiban PB Paramcter Kewcnangen,,,,,4. Memberikan an jasa pembayaran kemudahan lingkungIuran atau bagi petugas an air 6. Melaksanauntuk kan kegiatan pengamanan usaha medi areal manfaatusaha kan massa 8. Menyampaikan data spasial dan/atau non spasial terkait kegiatan 9. Melakukan kegiatan di lapangan setelah 1. Menyampaikan rencana keda tahunan kepada,,,,,
,52337,C PRESIDEN REPUBLTK INDONESIA r.c.44 I[o Kode Judul Ruang Strala TingLat Perizinan Persyaratan Janglra Kewajiben,,,,,13. Menyampaikan laporan debit pemanfaatan air per tiga bulan kepada 14. Membayar PNBP atau,,,,,
,52338,C PRESIDEN REPIJBLIK INDONESIA r.c.45 Ilo Kode Judul Ruang Slrela TiagLat Perlzlnen Pereyaratan Jangke Kewajiban,,,Tinggi,NIB dan Izin,15. Memasang meteran air minimal sesuai dengan 16. Memelihara tanda batas 17. Memiliki pas masuk kawasan 1. Menjaga agar 1. Gubernur an jasa -,25 Hari,,,,Gubernur
,10000,(satu atau Taman taman buru berbanding Buru SK No l5234l0 r.c.48 IIo Kode Judul Ruang,,,,,2. Merehabilitadilampiri si kerusakan dengan data yang teq'adi shapefile akibat 5. Rencana kegiatan pengusahaan 3. Menjaga yang kebersihan disahkan lingkungan oleh 6. Bukti alam pembayaran 4. Memberikan,,,,,
,52342,C PRES IDEN REFUBLIK INDONESIA r.c.49 Ifo Kode Judul Ruang SLela Tingtet Perizlnan Persyereten Jangke,,,,,5. Melaksanaundangan kan kegiatan konservasi sumber daya air pada kawasan 6. Melaksanakan pengamanan di areal usaha,,,,,
,52343,C PRESIDEN REPUBLIK !NDONESIA r.c.50 No Kode Judul Ruang gLnla Tinglet Perizinan Persyaratan Jangta Kcwqfibaa,,,,,7. Melaksanakan pemberdayaan masyarakat 8. Menyampaikan data spasial dan/atau non spasial terkait kegiatan 9. Melakukan kegiatan di lapangan paling lambat,,,,,
,52344,C FRESIDEN REPUBLIK INDONESIA No Kode Judul Ruang SLala TiagLet Perlzlnan Persyaratan Jangka KcwaJlban PB,,,,,12. Menyampaikan laporan hasil pelaksanaan kegiatan tahunan kepada 13. Menyampaikan laporan debit pemanfaatan 14. Membayar PNBP atau 15. Memasang meteran listrik,,,,,
,52347,C ItIo Kode Judul Ruang Skda TtagLat Perizinan Persyaratan JangLa Kcwqiiban PB Parameter Kcwenangen KBLI,,,Tinggi,NIB dan Izin,16. Memelihara tanda batas yang telah dipasang di lapangan 17. Memiliki pas masuk 1. Gubernur an sarana - 2. Bupati/ jasa - 2. Benta acara rencana skala pemanfaatpemberian karya kabupaten/ an di tanda batas tahunan kota taman dan peta yang,30 Hari,,,,Gubernur
,25000,(satu Kepala Dinas taman hutan taman banding dua Provinsi atau raya skala hutan raya puluh,,,,,2. Merealisasiatau,,,,,
,52350,C FRESIDEN REPUBLIK INDONESIA r.c.57 No Kode Judul Ruang Strda TingLet Perizinan Persyaratan Janglra Kewqiiban,,,,,3. Peta usulan tahunan areal yang telah kegiatan disahkan usaha paling dengan skala lambat,,,,,
,25000,(satu setelah banding dua Penzinan puluh lima Berusaha ribu) dan Sarana Jasa data peta Lingkungan,,,,,3. Melaksanashapehle kan 4. Rencana pengamanan,,,,,
,52351,C IYo Kodc Judul Ruang SLala Ttngkat Perlzinrn Persyereten Jeagle Kcwqflban PB Peramctcr Kcwcnengan KBLI,,,,,4. Menjaga Dinas kebersihan 5. Merehabilitakewenangan si kerusakan 5. Disain fisik yang terjadi dan tata letak akibat (site planl kegiatan sarana dan,,,,,
,52352,C FRES!DEN REPUBLIK INDONESIA IYo Kode Judul Rueng Skrla Tinglet Perizinan Persyaratan Jangka Kewqiiban PB,,,,,6. Memberi (untuk 7. dengan Memelihara,,,,,
,52353,C TingLat Perlzlnan Persyaratan Janglra Kewqilban PB Paramcter Kewenangan KBLI KBLI Ltagkup Usaha Rlsiko Benrsaha,,,,,9. Bukti pemerintah pembayaran 8. Melibatkan iuran atau tenaga ahli retribusi di bidang 9. Membuat laporan,,,,,Gubernur
,52355,C PRES DEN I REPUBLIK INDONESIA r.c.62 No Kode Judul Ruang Stata Tingket Pcrizinan Persyaratan,,,,,10. Membayar PHU-PSWA atau retribusi hasil 1. Merealisasikan pembangunan sarana wisata sesuai 12. Pemegang Perizinan,,,,,
,52357,C 1.c.64 No Kode Judul Ruang gkqta Tinglat Perizinan Persyaratan Jangta KewaJlban PB Parameter Kewcnangan,,,,,13. Merealisasikan membayar 14. Pemegang perpanjangan,,,,,
,52358,C PRESIDEN REPUBLTK INDONESIA r.c.65 IlIo Kode Judul Ruaag SLafa TingLat Perizinan Persyaratan Jangla Kewajiban,,,Tinggi,NIB dan,15. Memenuhi kelaikan operasional sarana prasarana sesuai standar di 16. Membuat standar operasional pelaksanaan kegiatan 17. Memelihara tanda batas yang telah dipasang di lapangan 18. Menyelesaikan konflik sosial akibat adanya kegiatan usaha 2. Gubernur marga- -,5 Hari,,,,Menteri
,23610,r.c.68 Tingtat Periziaan Persyaratan JangLe Kewqiiban PB PrraECtcr Kcwcnangaa KBLI KBLI Ltngkup Ueahe Risiko Berusahe,,,,,5. Membayar pungutan hasil usaha,,,,,
,52362,C r.c.69 I[o Kodc Judul Ruang Skah Tingkat Perizinan Persyaratan Jangta Kewajiban PB Perameter Kcwcnengan,,,Tinggi,NIB dan Izin,7. Pelaku Usaha dan/atau seluruh karyawan serta 8. Membuat standar operasional pelaksanaan kegiatan sesuai dengan.lasa 2. Beita acara,30 Hari,,,Seluruh,Menteri
,25000,(satu pembangunberbanding an sarana dua puluh untuk lima ribu) menunjang yang ditandawisata tangani oleh berburu,,,,,,,,,,
,52365,C FRESIDEN REPUBLIK INDONESIA r.c.72 No Kode Judul Ruang Skrla TlngLat Perlzinan Pcrsyaratan Jangle Kcwqjibrn,,,rendah,,,,,,,
,25000,(satu setelah berbanding Perizinan dua puluh Berusaha lima ribu) Pengusahadan data peta an Taman digital,,,,,4. Rencana kan kegiatan 4. Menyediakan pembayaran sarana dan 5. Mempekeq'akan tenaga ahli sesuai dengan jenis kegiatan usaha yang dikelolanya 6. Mengikutsertakan masyarakat di sekitar,,,,,
,52367,C r.c.74 IYo Kode Judul Ruang SLqla Tiagkat Perlzinan Persyaratan Jangta KcwaJiban PB Parameter Kcweaangan,,,,,7. Membuat laporan kegiatan,,,,,
,52368,C r.c.75 Ilto Kode Judul Ruang Skda TlngLet Perizinan Persyaratan Jengta KewaJiban PB Pararneter Kcwenangan,,,,,8. Membayar pungutan hasil usaha 9. Merehabilitasi kerusakan yang diakibatkan oleh kegiatan usahanya 10. Menjamin keamanan dan ketertiban para pengunjung 1. Turut menjaga kelestarian,,,,,
,52369,C t.c.76 IYo Kode Judul Ruang SLqla TingLet Pcrizinen Pcrsyeratan JaagLa Kewqiiben PB Parameter Kcwenengan,,,,,12. Melaksanakan penangkaran satwa buru untuk memenuhi kepentingan perburuan yang diusahakan dalam sesuai dengan ketentuan peraturan perundangundangan 13. Memantau dan menangzulangi,,,,,
,52370,C t.c.77 No Kode Judul Ruang Slnla Ttnglet Perlzlnan Persyaratan Jangka Kcwqfiban PB Parameter Kewenangan,,,,,14. Memberi kemudahan bagi aparat kehutanan melakukan pengawasan dan pembinaan di lapangan 15. Merealisasikan pembangunan sarana,,,,,
,52371,C PRES DEN I REPUBLIK INDONESIA r.c.78 IYo Kode Judul Ruang Slrnla Ttngtat Perizlnan Persyaratan,,,,,16. Membayar pungutan hasil 17. Pemegang perpanjangan 18. Pemegang Perizinan,,,,,
,52373,C No Kode Judul Ruang Stala TiagLat Perlzlnan Persyaratan Jangka KewaJiban PB Parameter Kewenangan KBLI,,,Tinggi,NIB dan,19. Memenuhi kelaikan operasionaJ sarana prasarana sesuai standar di 20. Membuat standar operasional pelaksanaan kegiatan 21. Memelihara tanda batas yang telah dipasang di lapangan 22. Menyelesaikan konflik sosial akibat adanya kegiatan usaha 2. Beita Acara paling lama lindune,40 Hari,,,Seluruh,Menteri
,52375,C r.c.82 Ifo Kode Judul Ruang SLata Tingkrt Perizinan Persyaratan Jangka Kewqiiban PB Parameter Kewenangan,,,,,3. Bukti berusaha lindune pelunasan diterbitkan 2. Melaksanaan hasil kan kegiatan hutan nyata di bukan lapangan kayu di paling lama hutan 4. Melaksanakan perlindungan hutan di areal kerjanya 5. Melakukan upaya pencegahan kebakaran hutan di areal kerjanya 6. Bertanggung jawab atas terjadinya kebakaran hutan di areal keq'anya,,,,,
,52377,C r.c.84 IYo Kode Judul Ruang Skala TtngLat Perizinan Persyeretan Jangka Kewajiban PB Parameter Kewenangan,,,,,9. Mempekerjakan tenaga profesional bidang kehutanan dan tenaga lain yang memenuhi persyaratan sesuai kebutuhan 10. Membayar PNBP sesuai ketentuan peraturan perundangundangan 11. Melakukan penatausahaan hasil hutan kecuali 12. Melakukan pengukuran atau pengujian hasil hutan sesuai ketentuan kecuali pada kegiatan usahajasa lingkungan 13. Menyampaikan laporan kineda secara periodik kepada,,,,,Menteri
,52379,C PRESIDEN REPUBLTK INDONESIA r.c.86 Tingkat Perizinrn Persyaraten Jangta Kewqiiban PB Parameter Kewenangan KBLI KBLI,,,Tinggi,NIB dan Izin,14. Melaksanakan kemitraan dengan masyarakat setempat 15. Melaksanakan kerjasama dengan koperasi dan atau 16. Melaksanakan kewajiban lainnya sesuai ketentuan,10 Hari,,,Seluruh,Menteri
,52380,C PRESIDEN REPUBLTK INDONESIA r.c.87 ItIo Kode Judul Ruang Skda Tingkat Pcrizinen Persyaratan Jangta KewaJiban,,,,,2. Beita Acara hutan untuk 3. Bukti dengan di hutan pelunasan memperhatiproduksi iuran,,,,,
,52381,C FRESIDEN REPUBLTK INDONESIA No Kode Judul Ruang SLqla Tingtat Periziaan Persyaratan Jangke Kewqiiban PB,,,,,5. Melaksanakan perlindungan hutan di areal ken'anya,,,,,
,52382,C PRESIDEN REPUBLTK INDONESIA r.c.89 Itto Kode Judul Ruang glrqla Tingkat Perizinan Persyaratan Jangka KewaJiban,,,,,6. Melakukan upaya pencegahan kebakaran hutan di areal kerjanya 7. Bertanggung jawab atas terjadinya kebakaran hutan di areal kerl'anya 8. Melakukan pemulihan 9. Melaksanakan penanaman,,,,,
,52383,C PRES DEN I REPUBLIK INDONESIA r.c.90 No Kode Judul Ruang Stala Ttngkrt Perizinan Persyaratan,,,,,12. Mempekerjakan tenaga profesional bidang kehutanan dan tenaga lain yang,,,,,
,52384,C r.c.91 !to Kode Judul Ruang SLala TingLat Perizinan Persyaratan Jangka Kcwqflban PB Perameter Kewcnangen,,,,,13. Membayar PNBP sesuai peraturan perundangundangan 14. Melaksanakan pemanfaatan hasil hutan dengan sistem silvikultur sesuai dengan kondisi setempat 15. Melaksanakan pemanenan hasil hutan kayu densan,,,,,
,52385,C r.c.92 No Kode Judul Ruang SLela Tinglat Perizinen Persyaratan Jangla Kewajiban PB Peremeter Kewcnangan,,,rendah,,16. Melakukan penatausahaan hasil hutan 17. Melakukan pengukuran atau pengujian hasil hutan sesuai ketentuan 18. Menyampaikan laporan kinef a secara periodik kepada,,,,,
,52386,C Tinglret Perlzinan Persyerataa Jangka KewqJlban PB Perameter Kcwenangan KBLI KBLI Lingkup Usaha Risiho Berusaha,,,Tinggi,NIB dan Izin,2. Beita Acara usaha,10 Hari,,,Seluruh,Menteri
,52387,C t.c.94 IYo Kode Judul Ruang SLete Tinglat Perlzlaan Persyaratan Jangka KewaJiban PB Parametcr Kewenangan,,,,,2. Menyusun Rencana 4. Melaksanakan penataan,,,,,
,52388,C FRESIDEN REPUBLIK INDONESIA r.c.95 Tingkat Perizinan Persyaratan Jangka Kcwqiiban PB Parameter Kewenangan KBLI KBLI,,,,,5. Melaksanakan perlindungan hutan di areal kerjanya 6. Melakukan upaya pencegahan kebakaran hutan di areal kedanya,,,,,
,52473,C LC.96 Itlo Kode Judul Ruang SLala Tingtat Perizlaan Persyaratan Jangka Kcwajiban PB Parameter Kewenangan,,,,,8. Melakukan pemulihan lingkungan terhadap kerusakan lingkungan di areal kerjanya,,,,,
,52474,C PRESIDEN REPUBLTK INDONESIA r.c.97 ItIo Kode Judul Ruang Skala TiagLat Perizinan Persyaratan Jangka Kewajiban,,,rendah,,1. Menatausahakan keuangan kegiatan usahanya 12. Mempekerjakan tenaga profesional bidang kehutanan dan tenaga lain yang memenuhi persyaratan sesuai kebutuhan 13. Membayar PNBP sesuai peraturan perundangundangan 14. Melaksanakan pemanfaatan hasil hutan 16. Melakukan penatausahaan hasil hutan,,,,,
,52476,C PRESIDEN REPUBLTK INDONESIA r.c.99 l{o Kode Judul Ruang Skala Tingkat Perizinan Persyaratan Jangka KewaJlban,,,Tinggi,NIB dan Izin,17. Melakukan pengukuran atau pengujian hasil hutan sesuai ketentuan 18. Menyampaikan laporan kinerja secara periodik kepada,10 Hari,,,Seluruh,Menteri
,52477,C r.c.100 Ito Kode Judul Ruang SLala Tingkat Perizinan Persyaratan Jangka KewaJiban PB Paramctcr Kcwcnangan,,,,,2. Berita Acara hutan untuk an produksi 3. Bukti dengan pelunasan memperhatiiuran 2. Menyusun Rencana 3. Melaksanakan kegiatan nyata di lapangan paling lambat 5. Melaksanakan perlindungan hutan di areal kerianya,,,,,
,52479,C r.c.to2 No Kode Judul Ruang Strala Tingket Pcrizinaa Persyaratan Janglra KewaJibaa PB Parameter Kewenangan,,,,,6. Melakukan upaya pencegahan kebakaran hutan di areal kerjanya 7. Bertanggung jawab atas terjadinya kebakaran hutan di areal kery'anya 8. Melakukan pemulihan lingkungan terhadap kerusakan lingkungan di areal kerjanya 9. Melaksanakan penanaman,,,,,
,52480,C LC.103 ITo Kode Judul Ruang Strala Tingkat Perizinan Persyaratan Jangta Kewqiiban PB Parameter Kewenangan,,,,,1. Menatausahakan keuangan kegiatan usahanya 12. Mempekeg'akan tenaga profesional bidang kehutanan dan tenaga lain yang,,,,,
,52389,C No Kode Judul Ruaag glrnla TtngLet Perizinan Persyaratan Janglra Kewqiibaa PB Parameter Kewenangan KBLI,,,rendah,NIB dan,13. Membayar PNBP sesuai peraturan perundangundangan 14. Melaksanakan pemanfaatan hasil hutan dengan sistem silvikultur sesuai dengan kondisi setempat 15. Melaksanakan 16. Melakukan penatausahaan hasil hutan 17. Melakukan pengukuran atau pengujian hasil hutan sesuai ketentuan,15 Hari,,,Seluruh,Menteri
,52499,C PRESIDEN REFUBLIK INDONESIA r.c.ro7 I{o Kodc Judul Ruang SLala Ttngket Pcrlzinan Persyaratan Jang}a Kewqiiban,,,,,"2. Memiliki membidangi sarana dan urusan prasarana kehutanan, perbenihan maka berupa: benihnya a.",,,,,
,52500,C Tingkat Perizinan Persyaratan Jangka Kcwqiiban PB Perameter Kewenangan KBLI KBLI Ltngkup Usaha RisiLo Berusaha,,,,,4. Melaksanan metode kan tata (tata usaha,,,,,
,52501,C FRESIDEN REPUBLIK INDONESIA r.c.109 No Kode Judul Ruaag Skala Tiaglat Perizinan Persyarataa Jangle Kewajibaa,,,,,3. Memiliki tenaga ahli atau tenaga terampil di 4. Memiliki Stok,,,,,
,52502,C 10 No Kode Judul Ruang Strata Tingkat Perizinan Persyaratan Jengla KewaJiban PB Parameter Kewcnangan,,,,,5. Bukti Bayar,,,,,
,52503,C No Kode Judul Ruang SLqta Tinglat Perizinan Persyeratan Janglra KewaJiban PB Paramcter Kewenangan KBLI,,,Tinggi,NIB dan,1. Melakukan Seluruh 2. Bagi jenis sebagai tanaman pengelola yang dari pemilik benihnya sumber benih wajib berasal atau dari sumber perjanjian benih 2. Dalam hal membidangi lokasi urusan,15 Hari,,,Seluruh,Gubernur
,52504,C PRESIDEN REFUBLTK INDONESIA r.c.tt2 ItIo Kode Judul Ruang Stela Tingtat Pcrlzinan Persyaratan Jangka Kewajiban,,,,,3. Memiliki benih 3. dengan Membuat disainnya laporan,,,,,
,52505,C 13 IVo Kode Judul Ruang Strela TingLat Perizinan Persyeratan Jangkr KewaJiban PB Parameter Kewenangen,,,,,4. Melaksanaberupa: kan tata a.,,,,,
,52506,C FRESIDEN REPIJBLTK INDONESIA 14 I[o Kode Judul Ruang Sknla Tingkat Perizinaa Persyaratan Jaagta Kewqiiban,,,,,,,,,,
,52507,C FRESIDEN REPUBLIK INDONESIA r.c.1 15 No Kode Judul Ruang SLala Tingtat Pcrizlnan Persyaratan Jangta,,,,,,,,,,
,52508,C FRESIDEN REPUBLIK INDONESIA 16 IYo Kode Judul Ruang SLala Tinglat Perizinan Persyaratan Janglra Kewajiban,,,,,"5. Memiliki tenaga ahli atau tenaga terampil di bidang pembibitan, dengan dibuktikan sertifikat pelatihan dan/atau ijazah akademik 6. Memiliki stok",,,,,
,52509,C FRESIDEN REPUtsLtK INDONESIA t.c.tt7 No Kode Judul Ruang $tqla TingLet Pcrizinea Persyaratan Jangta Kewajiban,,,,,"7. Terdapat aktivitas pembuatan bibit, yang dibuktikan dengan foto dan laporan kegiatan produksi bibit 8. Bukti bayar",,,,,
,52510,C 18 No Kode Judul Ruang SLala Tingkat Perizinan Persyaratan Janglra KcwaJibaa PB Parameter Kewcnangan,,,Tinggi,NIB dan,1. Melakukan Permohonan 2. Bagijenis atau tanaman perjanjian yang 2. Lokasi bersertihkat kegiatan: berdasarkan a.,5 Hari,,,Seluruh,Menteri
,52512,C FRESIDEN REPUBLTK INDONESIA r.c.120 Itlo Kode Judul Ruang SLals Tinglat Perizinan Persyaratan Jenglra KewaJiban,,,,,4. MelaksanaPerum kan tata 3. Memiliki Sistem irigasi dan,,,,,
,52513,C I.C.T2I No Kode Judul Ruang tlkqle Tinglat Perizinan Persyaratan Janglra KewaJiben PB Paramctcr Kewenangan,,,,,4. Memiliki sarana dan prasarana perbenihan dan pembibitan/ persemaian berupa: a.,,,,,
,52514,C PRESIDEN REPUBLIK INOONESIA r.c.t22 IYo Kode Judul Ruang SLala Tingket Perizinan Persyaraten Jangta Kewajiban,,,,,,,,,,
,52515,C PRESIDEN REPUBLIK INOONESIA r.c.t23 No Kode Judul Ruaag Slrela Tingtat Perizinan Persyaratan Jangta KewaJiban,,,,,,,,,,
,52516,C PRESIDEN REPIJBLIK INDONESIA I.C.t24 No Kode Judul Ruaag Skala Tinglet Perizinan Persyaratan Jangta KewaJiben,,,,,,,,,,
,52517,C r.c.125 Tingkat Pcrizinan Persyaratan Jangka Kewqiibea PB Parameter Kewenaagan KBLI KBLI Lingkup Usahe Rlsilo,,,,,5. Memiliki tenaga ahli atau tenaga terampil di bidang pengelolaan benih dan,,,,,
,52518,C r.c.126 IYo Kode Judul Ruang SLela Tinglat Perizinen Persyaratan JengLe Kewqflban PB Parameter Kewenangan,,,,,"6. Memiliki stok benih dan bibit yang bersertihkat, yang dibuktikan dengan laporan stok benih dan bibit bersertihkat 7. Terdapat aktivitas pembuatan bibit, yang dibuktikan dengan foto",,,,,
,52519,C T.C.T27 IIo Kode Judul Ruang Skala Ttnglet Pcrlzlnan Persyaratan Jenglra Kewqiiban PB Parameter Keweaengan,,,Tinggi,NIB dan,8. Bukti bayar,15 Hari,,,Seluruh,Menteri
,52520,C I.C.T28 No Kode Judul Ruaag Skala Tinglrat Perizlann Persyaratan Jangka Kcwqfiban PB Paramcter Keweaengaa,,,,,2. Menjaga agar pengedarbenih an benih dan/atau atau bibit b. 3. Melaksanadari luar kan negeri ketentuan 2. Memiliki Karantina dokumen 4. MenyerahTumbuhan kan dari,,,,,menteri
,52522,C r.c.130 IYo Kodc Judul Ruang St qla Tingkat Perlziann Persyaratan Janglra KewaJiben PB Parameter,,,,,3. Surat pernyataan dari produsen benih dan/atau bibit tanaman hutan negara asal yang menerangkan bahwa benih dan/atau bibit tanaman hutan yang dimasukkan ke 4. Surat Keterangan tentang asalSK,,,,,
,52523,C r.c. 131 lVo Kode Judul Rueng SLala Tingkat Perizinan Persyaratan Jangta Kcwqiiban PB Parameter,,,,,5. Apabila benih dan/atau bibit yang dimasukkan ke dalam wilayah,,,,,
,52524,C FRES IDEN REPUBLIK INDONESIA t.c.t32 IIIo Kode Judul Ruang SLala Tingtat Perizlaan Persyaratan Jangta,,,,,,,,,,
,52525,C r.c. 133 No Kodc Judul Ruang Skela Tinglat Perizinan Persyaratan Jangka Kewajiban PB Paramcter,,,,,6. Bukti bayar,,,,,Menteri
,52526,C PRESIDEN REPLJBLIK INDONESIA r.c.134 lYo Kode Judul Ruang $kela Tingkat Perizinan Persyaratan Janglrr Kewqiiban,,,Tinggi,NIB dan,7. Bukti bayar,15 Hari,,,Seluruh,Menteri
,52527,C r.c.135 TiagLat Perizlnan Persyaratan Jangka KewaJibaa PB Parameter KewetrangaD KBLI KBLI Lingkup Usaha Risiko,,,,,2. Melaksanapengedarkan packing an benih benih atau dan/atau b. 3. Melaksanapengedarkan an benih ketentuan dan bibit,,,,,
,52528,C FRESIDEN REPUBLIK INDONESIA No Kode Judul Ruang Skale Tingket Perizinan Persyarataa Jangka Kewqiiban PB,,,,,"2. Surat Keterangan tentang asalusul (certificate of origin), dokumen kualitas (certificate of qtalitgl dari instansi berwenang 3. Bukti bayar",,,,,
,52529,C No Kode Judul Ruang SInla Tingket Pcrizinan Persyaratan JangLa KewaJibaa PB Perameter Kewcnangaa KBLI,,,Rendah,NIB,,,,,Seluruh,Menteri
,52530,C IYo Kode Judul Ruang Skala Tingkat Perizinan Persyaratan Jangka KewaJibaa PB Parameter Kewenangan I(BLI,,,Rendah,NIB,2. Menjalankan 5. kurang dari,10 Hari,,,Seluruh,Gubernur
,52532,C FRESIDEN REPUBLIK INDONESIA No Kode Judul Ruang Sltela Tingkat Pcrlzinan Persyaratan Jangke Kcwqiiban PB,,,Tinggi,NIB dan,7. Mengajukan pengolahan addendum hasil hutan perizinan bukan berusaha kayu skala apabila kecil merencanaKegiatan,10 Hari,,,Seluruh,Menteri
,52534,C t.c.t42 Tingkat Perlzlnen Persyaratan Jangta Kewejiban PB Parameter Kewenangan KBLI KBLI Lingkup Usaha Risilro,,,,,10. Membayar terpadu 11. Melakukan penyesuaian perubahan data pokok dalam,,,,,
,52535,C No Kode Judul Ruang Stala TingLat Periziaan Persyaratan Jangka KewaJiban PB Parameter Kewenangen KBLI,,,Rendah,NIB,"12. Melakukan kegiatan produksi, 1. MerealisasiSeluruh 2. Menjalankan (seribu) usahanya ton/tahun sesuai",,,,Seluruh,Gubernur
,52537,C FRESIDEN REPUBLIK INDONESIA ItIo Kode Judul Ruang Slrela TingLat Perizinrn Pcrsyaratan Jangka KcwaJiban PB,,,Tinggi,NIB dan,,10 Hari,,,Seluruh,Gubernur
,52538,C r.c.t46 No Kodc Judul Ruang Slrala Tingtat Perizinan Persyeratan Jangka Kcwajiban PB Pararneter Kewenangan,,,Tinggi,NIB dan,7. Mengajukan meter addendum kubik per perizinan tahun vans berusaha 8. Memiliki Kegiatan,0 Hari,,,Seluruh,Gubernur
,52540,C IVo Kode Judul Ruang Skela Tlngkat Perizinan Persyaretan Jangka Kewqiiban PB Parameter Keweaangan KBLI,,,Tinggi,NIB dan,9. Melaksanaton/tahun kan atau lebih pengukuran 10. Membayar produksi 11. Melakukan penyesuaian,,,,Seluruh,Menteri
,52541,C PRESIDEN REPLJBLIK INDONESIA r.c.t49 IYo Kode Judul Ruang Skala Tinglat Perizinan Persyaratan Jengke Kewqiiban,,,,,,,,,,
,52542,C PRES DEN I REPUBLTK INDONESIA r.c. 150 Itto Kode Judul Ruang $lrqla Tinglat Perizinan,,,Rendah,NIB,1. MerealisasiSeluruh 2. Menjalankan,,,,Seluruh,Gubernur
,52543,C I.C. 151 Itlo Kode Judul Ruaag SLala TingLat Perizinan Persyaratan Jangta Kewqiiban PB Paramctcr,,,Rendah,NIB,,10 Hari,,,Seluruh,Gubernur
,52544,C PRES IDEN REPUBLIK INOONESIA r.c.152 Tinglrat Pcrizinan Persyaraten Janglra KewaJlban PB Parameter Kewenengan KBLI,,,Tinggi,NIB dan,"7. kubik per Mengajukan tahun yang addendum terpadu perizinan dengan berusaha pengolahan lL*'l:,,""- hasil hutan bukan kan kayu skala penambahan kecil jenis 8. Memiliki Kepala 9. MelaksanaKegiatan 10. Membayar (enam ribu)",10 Hari,,,Seluruh,Gubernur
,52547,C PRESIDEN REPUBLTK INDONESIA r.c.155 No Kode Judul Ruang Skela TingLat Perizinan Persyaraten Jangka KewaJiban,,,,,11. Melakukan penyesuaian perubahan data pokok dalam,,,,,
,52548,C llo Kode Judul Ruang Skala Tinglat Perlzlnan Persyaratan JangLa KewaJiban PB Parameter Kcwenangan KBLI,,,,,"12. Melakukan kegiatan produksi, memiliki sarana dan prasarana kegiatan pengolahan hasil hutan",,,,,
,52549,C IYo Kode Judul Ruang $flrgla Tingtat Periziaan Persyaratan Jangka Kewqiiban PB Parameter Kewenangan KBLI,,,,,,,,,,
,16212,Industri Kegiatan - Mikro Rendah NIB Otomatis 1. MerealisasiSeluruh Gubernur Kayu pengolahan - Kecil kan,,,Rendah,NIB,1. MerealisasiSeluruh 2. Menjalankan,0 Hari,,,Seluruh,Gubernur
,52550,C PRES IDEN REPLJBLIK INDONESIA No Kode Judul Ruang Skah Tingkat Perizinan Persyaratan Janglra KewaJiban,,,Tinggi,NIB dan,,10 Hari,,,Seluruh,Gubernur
,52551,C PRES IDEN REPUBLIK INOONESIA r.c.159 No Kode Judul Ruang Skrla Tingkat Perizinen Persyarataa Jangka,,,Tinggi,NIB dan,7. Mengajukan tahun yang addendum terpadu perizinan dengan berusaha pengolahan apabila hasil hutan merencanabukan kan kayu skala penambahan kecil ienis,10 Hari,,,Seluruh,Gubernur
,52552,C PRESIDEN REFUBLIK INDONESIA r.c.160 No Kode Judul Ruang SLala Tingkat Perizinan Persyaraten Janglra KewaJiban,,,Tinggi,NIB dan,8. Memiliki Kepala,10 Hari,,,Seluruh,Menteri
,52553,C Tingkat Perizinan Persyaratan Jangka Kewajiban PB Parameter Kewenangan KBLI I(BLI Lingkup Usahe Rlsiko Berusaha,,,Tinggi,NIB dan,9. MelaksanaSeluruh 1. Melakukan penyesuaian perubahan data pokok dalam,10 Hari,,,Seluruh,Menteri
,52554,C PRESIDEN REPUBLTK INDONESIA r.c.t62 No Kode Judul Ruang SLala TingLat Perizlnan Persyaratan Jangla KcwqJlban,,,,,,,,,,
,52555,C r.c.163 No Kode Judul Ruang Stala Tingkat Pcrlzlnan Persyaratan Jangta KewaJiban PB Parameter Kewenangan,,,Rendah,NIB,1. MerealisasiSeluruh 2. Menjalankan,,,,Seluruh,Gubernur
,52556,C r.c.164 IYo Kodc Judul Ruang Skala Tingkat Perizinan Persyaratan Jangka KcwaJiban PB Parameter Kcwcnangan,,,Tinggi,NIB dan,,10 Hari,,,Seluruh,Gubernur
,52557,C No Kode Judul Ruaag Strala TingLat Perizlnan Persyaratan Jangka Kewqiiban PB Perameter Kewenangan KBLI,,,Tinggi,NIB dan,,10 Hari,,,Seluruh,Gubernur
,52558,C IYo Kode Judul Ruaag S}ala TingLat Perizinan Persyaratan Jaagka Kewajiban PB Parameter Kewenangan KBLI,,,Tinggi,NIB dan,7. Mengajukan kubik per addendum tahun yang penzinan terpadu berusaha dengan apabila pengolahan merencanahasil hutan kan bukan penambahan kayu skala jenis kecil pengolahan,10 Hari,,,Seluruh,Menteri
,52559,C PRES DEN I REPUBLIK INDONESIA t.c.t67 No Kode Judul Rueng Stala TingLat Perizinan Persyaratan,,,Tinggi,NIB dan,8. Memiliki Seluruh 9. Melaksanaatau lebih kan,10 Hari,,,Seluruh,Menteri
,52560,C No Kodc Judul Ruang Stala Tinglat Perizlnan Persyaratan Jangta Kewqiiban PB Perameter Kewenangan KBLI,,,,,1. Melakukan penyesuaian perubahan data pokok dalam,,,,,
,52561,C IIo Kode Judul Ruang SLala Tingkat Perizinen Persyaratan Jangta Kewajiban PB Paremeter Kewenangan KBLI,,,,,,,,,,
,16215,Industri Kegiatan - Mikro Rendah NIB Otomatis I. MerealisasiSeluruh Gubernur Kayu pengolahan - Kecil kan,,,Rendah,NIB,,,,,Seluruh,Gubernur
,52562,C PRES IDEN REPUBLTK INDONESIA r.c.r70 !to Kode Judul Ruang Skda Tiaglat Pcrlzinan Persyaratan Janglra,,,Rendah,NIB,2. Menjalankan,10 Hari,,,Seluruh,Gubernur
,52563,C PRESIDEN REPLJBLIK INDONESIA r.c.ITo Kode Judul Ruang SLala Tingtat Perlzlnan Persyaratan Jengke Kewajiban PB,,,Tinggi,NIB dan,7. Mengajukan terpadu addendum dengan perizinan pengolahan berusaha hasil hutan apabila bukan merencanakayu skala kan kecil penambahan,10 Hari,,,Seluruh,Gubernur
,52565,C r.c.t73 No Kode Judul Ruang Skela Tinglat Perizinan Persyaratan Jangka Kewajiban PB Parameter Kewenangan,,,Tinggi,NIB dan,9. Kegiatan Besar,10 Hari,,,Seluruh,Menteri
,52566,C t.c.L74 No Kode Judul Ruang SLala Tingkat Perizinan Persyaratan JangLa Kewajiban PB Parameter Kewenangan,,,,,1. Melakukan penyesuaian perubahan data pokok dalam,,,,,
,52567,C I.C.T75 No Kode Judul Rurng Skala TtngLat Perlzlnan Persyaratan JangLa KewaJiban PB Parametcr Kewcaangan,,,,,,,,,,
,52568,"C PR,ESIDEN REPUBLIK INDONESIA r.c.t76 lVo Kode Judul Ruang Skala Tinglat Pcrizinan Persyaratan Jangka Kewajibaa",,,Rendah,NIB,1. MerealisasiSeluruh 2. Menjalankan,10 Hari,,,Seluruh,Gubernur
,52570,C r.c.t78 No Kode Judul Ruang Skafa Tinglat Periziaan Persyaratan Jangka KewaJiban PB Parameter Kewenangan,,,Tinggi,NIB dan,7. Mengajukan terpadu addendum dengan perizinan pengolahan berusaha hasil hutan apabila bukan merencanakayu skala kan kecil penambahan 8. Memiliki bukan dan/atau kayu mempekeda,10 Hari,,,Seluruh,Gubernur
,52572,C r.c.180 Itlo Kode Judul Ruang SLala TingLat Perizinan Persyeratan Janglra Kewajiban PB Perameter Kewenangan,,,Tinggi,NIB dan,9. MelaksanaSeluruh,10 Hari,,,Seluruh,Menteri
,52573,C PRESIDEN REPUBLTK INDONESIA I.C. 181 TingLat Perizinan Persyaratan Jangta Kewajiban PB Parameter Kewenangan KBLI,,,,,1. Melakukan penyesuaian perubahan data pokok dalam,,,,,
,52574,C PRESIDEN REPUBLTK INDONESIA t.c.t82 ItIo Kodc Judul Ruang glrqla Tiaglat Perizinan Persyaratan Jangka Kewqiiban,,,,,"12. Melakukan kegiatan produksi, memiliki sarana dan prasarana kegiatan pengolahan hasil hutan",,,,,
,52575,C,,,,,,,,,,
