finding_id,lane,family,code,file_line,science_confidence,runtime_dependent,verdict,method,evidence
A-COV-0001,A,COVERAGE,,data/source_documents/KBLI_2025_FINAL_CLEAN.json:2,1.0,false,CONFIRMED,independent re-derivation with fresh code + script re-run on origin/main 0b56e22f56,"1559/1559 codes, judul EXACT 1559, uraian EXACT 1559, ruang_lingkup EXACT 1338 + both-empty 221, per_skala scope divergence only 49213 (4 entries) — all reproduced"
A-SCH-0001,A,SCHEMA,,data/source_documents/KBLI_2025_FINAL_CLEAN.json:2,1.0,false,CONFIRMED,independent re-derivation with fresh code + script re-run on origin/main 0b56e22f56,"1559/1559 codes, judul EXACT 1559, uraian EXACT 1559, ruang_lingkup EXACT 1338 + both-empty 221, per_skala scope divergence only 49213 (4 entries) — all reproduced"
A-SCH-0002,A,SCHEMA,,data/source_documents/KBLI_2025_FINAL_CLEAN.json:2,1.0,false,CONFIRMED,independent re-derivation with fresh code + script re-run on origin/main 0b56e22f56,"1559/1559 codes, judul EXACT 1559, uraian EXACT 1559, ruang_lingkup EXACT 1338 + both-empty 221, per_skala scope divergence only 49213 (4 entries) — all reproduced"
A-SCH-0003,A,SCHEMA,,data/source_documents/KBLI_2025_FINAL_CLEAN.json:2,1.0,false,CONFIRMED,independent re-derivation with fresh code + script re-run on origin/main 0b56e22f56,"1559/1559 codes, judul EXACT 1559, uraian EXACT 1559, ruang_lingkup EXACT 1338 + both-empty 221, per_skala scope divergence only 49213 (4 entries) — all reproduced"
A-ENR-0001,A,ENRICHMENT,,data/source_documents/KBLI_2025_FINAL_CLEAN.json:2,1.0,false,CONFIRMED,independent re-derivation with fresh code + script re-run on origin/main 0b56e22f56,"1559/1559 codes, judul EXACT 1559, uraian EXACT 1559, ruang_lingkup EXACT 1338 + both-empty 221, per_skala scope divergence only 49213 (4 entries) — all reproduced"
A-ENR-0002,A,ENRICHMENT,,data/source_documents/KBLI_2025_FINAL_CLEAN.json:2,1.0,false,CONFIRMED,independent re-derivation with fresh code + script re-run on origin/main 0b56e22f56,"1559/1559 codes, judul EXACT 1559, uraian EXACT 1559, ruang_lingkup EXACT 1338 + both-empty 221, per_skala scope divergence only 49213 (4 entries) — all reproduced"
A-ENR-0003,A,ENRICHMENT,,data/source_documents/KBLI_2025_FINAL_CLEAN.json:2,1.0,false,CONFIRMED,independent re-derivation with fresh code + script re-run on origin/main 0b56e22f56,"1559/1559 codes, judul EXACT 1559, uraian EXACT 1559, ruang_lingkup EXACT 1338 + both-empty 221, per_skala scope divergence only 49213 (4 entries) — all reproduced"
A-ENR-0004,A,ENRICHMENT,,data/source_documents/KBLI_2025_FINAL_CLEAN.json:2,1.0,false,CONFIRMED,independent re-derivation with fresh code + script re-run on origin/main 0b56e22f56,"1559/1559 codes, judul EXACT 1559, uraian EXACT 1559, ruang_lingkup EXACT 1338 + both-empty 221, per_skala scope divergence only 49213 (4 entries) — all reproduced"
A-ENR-0005,A,ENRICHMENT,,data/source_documents/KBLI_2025_FINAL_CLEAN.json:2,1.0,false,CONFIRMED,independent re-derivation with fresh code + script re-run on origin/main 0b56e22f56,"1559/1559 codes, judul EXACT 1559, uraian EXACT 1559, ruang_lingkup EXACT 1338 + both-empty 221, per_skala scope divergence only 49213 (4 entries) — all reproduced"
A-ENR-0006,A,ENRICHMENT,,data/source_documents/KBLI_2025_FINAL_CLEAN.json:2,1.0,false,CONFIRMED,independent re-derivation with fresh code + script re-run on origin/main 0b56e22f56,"1559/1559 codes, judul EXACT 1559, uraian EXACT 1559, ruang_lingkup EXACT 1338 + both-empty 221, per_skala scope divergence only 49213 (4 entries) — all reproduced"
A-ENR-0007,A,ENRICHMENT,,data/source_documents/KBLI_2025_FINAL_CLEAN.json:2,1.0,false,CONFIRMED,independent re-derivation with fresh code + script re-run on origin/main 0b56e22f56,"1559/1559 codes, judul EXACT 1559, uraian EXACT 1559, ruang_lingkup EXACT 1338 + both-empty 221, per_skala scope divergence only 49213 (4 entries) — all reproduced"
A-ENR-0008,A,ENRICHMENT,,data/source_documents/KBLI_2025_FINAL_CLEAN.json:2,1.0,false,CONFIRMED,independent re-derivation with fresh code + script re-run on origin/main 0b56e22f56,"1559/1559 codes, judul EXACT 1559, uraian EXACT 1559, ruang_lingkup EXACT 1338 + both-empty 221, per_skala scope divergence only 49213 (4 entries) — all reproduced"
A-ENR-0009,A,ENRICHMENT,,data/source_documents/KBLI_2025_FINAL_CLEAN.json:2,1.0,false,CONFIRMED,independent re-derivation with fresh code + script re-run on origin/main 0b56e22f56,"1559/1559 codes, judul EXACT 1559, uraian EXACT 1559, ruang_lingkup EXACT 1338 + both-empty 221, per_skala scope divergence only 49213 (4 entries) — all reproduced"
A-ENR-0010,A,ENRICHMENT,,data/source_documents/KBLI_2025_FINAL_CLEAN.json:2,1.0,false,CONFIRMED,independent re-derivation with fresh code + script re-run on origin/main 0b56e22f56,"1559/1559 codes, judul EXACT 1559, uraian EXACT 1559, ruang_lingkup EXACT 1338 + both-empty 221, per_skala scope divergence only 49213 (4 entries) — all reproduced"
A-ENR-0011,A,ENRICHMENT,,data/source_documents/KBLI_2025_FINAL_CLEAN.json:2,1.0,false,CONFIRMED,independent re-derivation with fresh code + script re-run on origin/main 0b56e22f56,"1559/1559 codes, judul EXACT 1559, uraian EXACT 1559, ruang_lingkup EXACT 1338 + both-empty 221, per_skala scope divergence only 49213 (4 entries) — all reproduced"
A-ENR-0012,A,ENRICHMENT,,data/source_documents/KBLI_2025_FINAL_CLEAN.json:2,1.0,false,CONFIRMED,independent re-derivation with fresh code + script re-run on origin/main 0b56e22f56,"1559/1559 codes, judul EXACT 1559, uraian EXACT 1559, ruang_lingkup EXACT 1338 + both-empty 221, per_skala scope divergence only 49213 (4 entries) — all reproduced"
A-ENR-0013,A,ENRICHMENT,,data/source_documents/KBLI_2025_FINAL_CLEAN.json:2,1.0,false,CONFIRMED,independent re-derivation with fresh code + script re-run on origin/main 0b56e22f56,"1559/1559 codes, judul EXACT 1559, uraian EXACT 1559, ruang_lingkup EXACT 1338 + both-empty 221, per_skala scope divergence only 49213 (4 entries) — all reproduced"
A-ENR-0014,A,ENRICHMENT,,data/source_documents/KBLI_2025_FINAL_CLEAN.json:2,1.0,false,CONFIRMED,independent re-derivation with fresh code + script re-run on origin/main 0b56e22f56,"1559/1559 codes, judul EXACT 1559, uraian EXACT 1559, ruang_lingkup EXACT 1338 + both-empty 221, per_skala scope divergence only 49213 (4 entries) — all reproduced"
A-ENR-0015,A,ENRICHMENT,,data/source_documents/KBLI_2025_FINAL_CLEAN.json:2,1.0,false,CONFIRMED,independent re-derivation with fresh code + script re-run on origin/main 0b56e22f56,"1559/1559 codes, judul EXACT 1559, uraian EXACT 1559, ruang_lingkup EXACT 1338 + both-empty 221, per_skala scope divergence only 49213 (4 entries) — all reproduced"
A-ENR-0016,A,ENRICHMENT,,data/source_documents/KBLI_2025_FINAL_CLEAN.json:2,1.0,false,CONFIRMED,independent re-derivation with fresh code + script re-run on origin/main 0b56e22f56,"1559/1559 codes, judul EXACT 1559, uraian EXACT 1559, ruang_lingkup EXACT 1338 + both-empty 221, per_skala scope divergence only 49213 (4 entries) — all reproduced"
A-ENR-0017,A,ENRICHMENT,,data/source_documents/KBLI_2025_FINAL_CLEAN.json:2,1.0,false,CONFIRMED,independent re-derivation with fresh code + script re-run on origin/main 0b56e22f56,"1559/1559 codes, judul EXACT 1559, uraian EXACT 1559, ruang_lingkup EXACT 1338 + both-empty 221, per_skala scope divergence only 49213 (4 entries) — all reproduced"
A-ENR-0018,A,ENRICHMENT,,data/source_documents/KBLI_2025_FINAL_CLEAN.json:2,1.0,false,CONFIRMED,independent re-derivation with fresh code + script re-run on origin/main 0b56e22f56,"1559/1559 codes, judul EXACT 1559, uraian EXACT 1559, ruang_lingkup EXACT 1338 + both-empty 221, per_skala scope divergence only 49213 (4 entries) — all reproduced"
A-ENR-0019,A,ENRICHMENT,,data/source_documents/KBLI_2025_FINAL_CLEAN.json:2,1.0,false,CONFIRMED,independent re-derivation with fresh code + script re-run on origin/main 0b56e22f56,"1559/1559 codes, judul EXACT 1559, uraian EXACT 1559, ruang_lingkup EXACT 1338 + both-empty 221, per_skala scope divergence only 49213 (4 entries) — all reproduced"
A-ENR-0020,A,ENRICHMENT,,data/source_documents/KBLI_2025_FINAL_CLEAN.json:2,1.0,false,CONFIRMED,independent re-derivation with fresh code + script re-run on origin/main 0b56e22f56,"1559/1559 codes, judul EXACT 1559, uraian EXACT 1559, ruang_lingkup EXACT 1338 + both-empty 221, per_skala scope divergence only 49213 (4 entries) — all reproduced"
A-ENR-0021,A,ENRICHMENT,,data/source_documents/KBLI_2025_FINAL_CLEAN.json:2,1.0,false,CONFIRMED,independent re-derivation with fresh code + script re-run on origin/main 0b56e22f56,"1559/1559 codes, judul EXACT 1559, uraian EXACT 1559, ruang_lingkup EXACT 1338 + both-empty 221, per_skala scope divergence only 49213 (4 entries) — all reproduced"
A-ENR-0022,A,ENRICHMENT,,data/source_documents/KBLI_2025_FINAL_CLEAN.json:2,1.0,false,CONFIRMED,independent re-derivation with fresh code + script re-run on origin/main 0b56e22f56,"1559/1559 codes, judul EXACT 1559, uraian EXACT 1559, ruang_lingkup EXACT 1338 + both-empty 221, per_skala scope divergence only 49213 (4 entries) — all reproduced"
A-ENR-0023,A,ENRICHMENT,,data/source_documents/KBLI_2025_FINAL_CLEAN.json:2,1.0,false,CONFIRMED,independent re-derivation with fresh code + script re-run on origin/main 0b56e22f56,"1559/1559 codes, judul EXACT 1559, uraian EXACT 1559, ruang_lingkup EXACT 1338 + both-empty 221, per_skala scope divergence only 49213 (4 entries) — all reproduced"
A-ENR-0024,A,ENRICHMENT,,data/source_documents/KBLI_2025_FINAL_CLEAN.json:2,1.0,false,CONFIRMED,independent re-derivation with fresh code + script re-run on origin/main 0b56e22f56,"1559/1559 codes, judul EXACT 1559, uraian EXACT 1559, ruang_lingkup EXACT 1338 + both-empty 221, per_skala scope divergence only 49213 (4 entries) — all reproduced"
A-ENR-0025,A,ENRICHMENT,,data/source_documents/KBLI_2025_FINAL_CLEAN.json:2,1.0,false,CONFIRMED,independent re-derivation with fresh code + script re-run on origin/main 0b56e22f56,"1559/1559 codes, judul EXACT 1559, uraian EXACT 1559, ruang_lingkup EXACT 1338 + both-empty 221, per_skala scope divergence only 49213 (4 entries) — all reproduced"
A-ENR-0026,A,ENRICHMENT,,data/source_documents/KBLI_2025_FINAL_CLEAN.json:2,1.0,false,CONFIRMED,independent re-derivation with fresh code + script re-run on origin/main 0b56e22f56,"1559/1559 codes, judul EXACT 1559, uraian EXACT 1559, ruang_lingkup EXACT 1338 + both-empty 221, per_skala scope divergence only 49213 (4 entries) — all reproduced"
A-ENR-0027,A,ENRICHMENT,,data/source_documents/KBLI_2025_FINAL_CLEAN.json:2,1.0,false,CONFIRMED,independent re-derivation with fresh code + script re-run on origin/main 0b56e22f56,"1559/1559 codes, judul EXACT 1559, uraian EXACT 1559, ruang_lingkup EXACT 1338 + both-empty 221, per_skala scope divergence only 49213 (4 entries) — all reproduced"
A-ENR-0028,A,ENRICHMENT,,data/source_documents/KBLI_2025_FINAL_CLEAN.json:2,1.0,false,CONFIRMED,independent re-derivation with fresh code + script re-run on origin/main 0b56e22f56,"1559/1559 codes, judul EXACT 1559, uraian EXACT 1559, ruang_lingkup EXACT 1338 + both-empty 221, per_skala scope divergence only 49213 (4 entries) — all reproduced"
A-ENR-0029,A,ENRICHMENT,,data/source_documents/KBLI_2025_FINAL_CLEAN.json:2,1.0,false,CONFIRMED,independent re-derivation with fresh code + script re-run on origin/main 0b56e22f56,"1559/1559 codes, judul EXACT 1559, uraian EXACT 1559, ruang_lingkup EXACT 1338 + both-empty 221, per_skala scope divergence only 49213 (4 entries) — all reproduced"
A-ENR-0030,A,ENRICHMENT,,data/source_documents/KBLI_2025_FINAL_CLEAN.json:2,1.0,false,CONFIRMED,independent re-derivation with fresh code + script re-run on origin/main 0b56e22f56,"1559/1559 codes, judul EXACT 1559, uraian EXACT 1559, ruang_lingkup EXACT 1338 + both-empty 221, per_skala scope divergence only 49213 (4 entries) — all reproduced"
A-ENR-0031,A,ENRICHMENT,,data/source_documents/KBLI_2025_FINAL_CLEAN.json:2,1.0,false,CONFIRMED,independent re-derivation with fresh code + script re-run on origin/main 0b56e22f56,"1559/1559 codes, judul EXACT 1559, uraian EXACT 1559, ruang_lingkup EXACT 1338 + both-empty 221, per_skala scope divergence only 49213 (4 entries) — all reproduced"
A-ENR-0032,A,ENRICHMENT,,data/source_documents/KBLI_2025_FINAL_CLEAN.json:2,1.0,false,CONFIRMED,independent re-derivation with fresh code + script re-run on origin/main 0b56e22f56,"1559/1559 codes, judul EXACT 1559, uraian EXACT 1559, ruang_lingkup EXACT 1338 + both-empty 221, per_skala scope divergence only 49213 (4 entries) — all reproduced"
A-ENR-0033,A,ENRICHMENT,,data/source_documents/KBLI_2025_FINAL_CLEAN.json:2,1.0,false,CONFIRMED,independent re-derivation with fresh code + script re-run on origin/main 0b56e22f56,"1559/1559 codes, judul EXACT 1559, uraian EXACT 1559, ruang_lingkup EXACT 1338 + both-empty 221, per_skala scope divergence only 49213 (4 entries) — all reproduced"
A-PSK-0001,A,PER_SKALA_SCOPE_DIVERGENT,49213,data/source_documents/KBLI_2025_FINAL_CLEAN.json:361611,1.0,false,CONFIRMED,independent re-derivation with fresh code + script re-run on origin/main 0b56e22f56,"1559/1559 codes, judul EXACT 1559, uraian EXACT 1559, ruang_lingkup EXACT 1338 + both-empty 221, per_skala scope divergence only 49213 (4 entries) — all reproduced"
A-DER-0001,A,DERIVATION,,data/source_documents/KBLI_2025_FINAL_CLEAN.json:2,1.0,false,CONFIRMED,independent re-derivation with fresh code + script re-run on origin/main 0b56e22f56,"1559/1559 codes, judul EXACT 1559, uraian EXACT 1559, ruang_lingkup EXACT 1338 + both-empty 221, per_skala scope divergence only 49213 (4 entries) — all reproduced"
B-TRACE-001,B,FIELD_TRACE,,apps/mouth/src/lib/kbli-data.ts:438,1.00,false,CONFIRMED,script re-run on origin/main 0b56e22f56 byte-identical; cited file:line read on disk,cited line matches the claim on disk
B-TRACE-002,B,FIELD_TRACE,,apps/mouth/src/app/kbli/[code]/page.tsx:266,1.00,false,CONFIRMED,script re-run on origin/main 0b56e22f56 byte-identical; cited file:line read on disk,cited line matches the claim on disk
B-TRACE-003,B,FIELD_TRACE,,apps/mouth/src/app/kbli/[code]/page.tsx:843,1.00,false,CONFIRMED,script re-run on origin/main 0b56e22f56 byte-identical; cited file:line read on disk,cited line matches the claim on disk
B-TRACE-004,B,FIELD_TRACE,,apps/mouth/src/lib/kbli-data.ts:387,1.00,false,CONFIRMED,script re-run on origin/main 0b56e22f56 byte-identical; cited file:line read on disk,cited line matches the claim on disk
B-TRACE-005,B,FIELD_TRACE,,apps/mouth/src/app/kbli/[code]/page.tsx:404,1.00,false,CONFIRMED,script re-run on origin/main 0b56e22f56 byte-identical; cited file:line read on disk,cited line matches the claim on disk
B-TRACE-006,B,FIELD_TRACE,,apps/mouth/src/app/kbli/[code]/page.tsx:894,1.00,false,CONFIRMED,script re-run on origin/main 0b56e22f56 byte-identical; cited file:line read on disk,cited line matches the claim on disk
B-TRACE-007,B,FIELD_TRACE,,apps/mouth/src/app/kbli/[code]/page.tsx:918,1.00,false,CONFIRMED,script re-run on origin/main 0b56e22f56 byte-identical; cited file:line read on disk,cited line matches the claim on disk
B-TRACE-008,B,FIELD_TRACE,,apps/mouth/src/app/kbli/[code]/page.tsx:906,1.00,false,CONFIRMED,script re-run on origin/main 0b56e22f56 byte-identical; cited file:line read on disk,cited line matches the claim on disk
B-TRACE-009,B,FIELD_TRACE,,apps/mouth/src/app/kbli/[code]/page.tsx:408,1.00,false,CONFIRMED,script re-run on origin/main 0b56e22f56 byte-identical; cited file:line read on disk,cited line matches the claim on disk
B-TRACE-010,B,FIELD_TRACE,,apps/mouth/src/app/kbli/[code]/page.tsx:411,1.00,false,CONFIRMED,script re-run on origin/main 0b56e22f56 byte-identical; cited file:line read on disk,cited line matches the claim on disk
B-TRACE-011,B,FIELD_TRACE,,apps/mouth/src/app/kbli/[code]/page.tsx:419,1.00,false,CONFIRMED,script re-run on origin/main 0b56e22f56 byte-identical; cited file:line read on disk,cited line matches the claim on disk
B-TRACE-012,B,FIELD_TRACE,,apps/mouth/src/app/kbli/[code]/page.tsx:387,1.00,false,CONFIRMED,script re-run on origin/main 0b56e22f56 byte-identical; cited file:line read on disk,cited line matches the claim on disk
B-TRACE-013,B,FIELD_TRACE,,apps/mouth/src/components/kbli/LicensingSection.tsx:390,1.00,false,CONFIRMED,script re-run on origin/main 0b56e22f56 byte-identical; cited file:line read on disk,cited line matches the claim on disk
B-TRACE-014,B,FIELD_TRACE,,apps/mouth/src/components/kbli/LicensingSection.tsx:417,1.00,false,CONFIRMED,script re-run on origin/main 0b56e22f56 byte-identical; cited file:line read on disk,cited line matches the claim on disk
B-TRACE-015,B,FIELD_TRACE,,apps/mouth/src/components/kbli/LicensingSection.tsx:468,1.00,false,CONFIRMED,script re-run on origin/main 0b56e22f56 byte-identical; cited file:line read on disk,cited line matches the claim on disk
B-TRACE-016,B,FIELD_TRACE,,apps/mouth/src/components/kbli/LicensingSection.tsx:1282,1.00,false,CONFIRMED,script re-run on origin/main 0b56e22f56 byte-identical; cited file:line read on disk,cited line matches the claim on disk
B-TRACE-017,B,FIELD_TRACE,,apps/mouth/src/components/kbli/LicensingSection.tsx:1138,1.00,false,CONFIRMED,script re-run on origin/main 0b56e22f56 byte-identical; cited file:line read on disk,cited line matches the claim on disk
B-TRACE-018,B,FIELD_TRACE,,apps/mouth/src/lib/kbli-faq.ts:267,1.00,false,CONFIRMED,script re-run on origin/main 0b56e22f56 byte-identical; cited file:line read on disk,cited line matches the claim on disk
B-HEUR-001,B,HEURISTIC,,apps/mouth/src/app/kbli/[code]/page.tsx:467,1.00,false,CONFIRMED,script re-run on origin/main 0b56e22f56 byte-identical; cited file:line read on disk,cited line matches the claim on disk
B-HEUR-002,B,HEURISTIC,,apps/mouth/src/components/kbli/LicensingSection.tsx:1068,1.00,false,CONFIRMED,script re-run on origin/main 0b56e22f56 byte-identical; cited file:line read on disk,cited line matches the claim on disk
B-TRACE-019,B,FIELD_TRACE,,apps/mouth/src/components/kbli/LicensingSection.tsx:1090,1.00,false,CONFIRMED,script re-run on origin/main 0b56e22f56 byte-identical; cited file:line read on disk,cited line matches the claim on disk
B-TRACE-020,B,FIELD_TRACE,,apps/mouth/src/components/kbli/KBLITransitionSources.tsx:33,1.00,false,CONFIRMED,script re-run on origin/main 0b56e22f56 byte-identical; cited file:line read on disk,cited line matches the claim on disk
B-TRACE-021,B,FIELD_TRACE,,apps/mouth/src/app/kbli/[code]/page.tsx:994,1.00,false,CONFIRMED,script re-run on origin/main 0b56e22f56 byte-identical; cited file:line read on disk,cited line matches the claim on disk
B-TRACE-022,B,FIELD_TRACE,,apps/mouth/src/components/kbli/KBLIProvenancePanel.tsx:178,1.00,false,CONFIRMED,script re-run on origin/main 0b56e22f56 byte-identical; cited file:line read on disk,cited line matches the claim on disk
B-TRACE-023,B,FIELD_TRACE,,apps/mouth/src/app/kbli/[code]/page.tsx:428,1.00,false,CONFIRMED,script re-run on origin/main 0b56e22f56 byte-identical; cited file:line read on disk,cited line matches the claim on disk
B-TRACE-024,B,FIELD_TRACE,,apps/mouth/src/app/kbli/[code]/page.tsx:725,1.00,false,CONFIRMED,script re-run on origin/main 0b56e22f56 byte-identical; cited file:line read on disk,cited line matches the claim on disk
B-TRACE-025,B,FIELD_TRACE,,apps/mouth/src/app/kbli/[code]/page.tsx:442,1.00,false,CONFIRMED,script re-run on origin/main 0b56e22f56 byte-identical; cited file:line read on disk,cited line matches the claim on disk
B-TRACE-026,B,FIELD_TRACE,,apps/mouth/src/components/kbli/KBLIStructuredData.tsx:122,1.00,false,CONFIRMED,script re-run on origin/main 0b56e22f56 byte-identical; cited file:line read on disk,cited line matches the claim on disk
B-TRACE-027,B,FIELD_TRACE,,apps/mouth/src/lib/kbli-faq.ts:49,1.00,false,CONFIRMED,script re-run on origin/main 0b56e22f56 byte-identical; cited file:line read on disk,cited line matches the claim on disk
B-TRACE-028,B,FIELD_TRACE,,apps/mouth/src/components/kbli/KBLICard.tsx:66,1.00,false,CONFIRMED,script re-run on origin/main 0b56e22f56 byte-identical; cited file:line read on disk,cited line matches the claim on disk
B-TRACE-029,B,FIELD_TRACE,,apps/mouth/src/app/kbli/sectors/[id]/page.tsx:26,1.00,false,CONFIRMED,script re-run on origin/main 0b56e22f56 byte-identical; cited file:line read on disk,cited line matches the claim on disk
B-TRACE-030,B,FIELD_TRACE,,apps/mouth/src/lib/kbli-types.ts:65,1.00,false,CONFIRMED,script re-run on origin/main 0b56e22f56 byte-identical; cited file:line read on disk,cited line matches the claim on disk
B-TRACE-031,B,FIELD_TRACE,,apps/mouth/src/components/kbli/LicensingSection.tsx:321,1.00,false,CONFIRMED,script re-run on origin/main 0b56e22f56 byte-identical; cited file:line read on disk,cited line matches the claim on disk
B-HEUR-003,B,HEURISTIC,,apps/mouth/src/lib/kbli-data.ts:330,1.00,false,CONFIRMED,script re-run on origin/main 0b56e22f56 byte-identical; cited file:line read on disk,"cited line matches the claim on disk; live 2026-09-11: 01192 subtitle rendered ""(bukan Bit Gula)"" vs corpus ""(Bukan Bit Gula)"" (altered set), 56101 and 01111 judul verbatim"
B-HEUR-004,B,HEURISTIC,,apps/mouth/src/lib/kbli-data.ts:212,1.00,false,CONFIRMED,script re-run on origin/main 0b56e22f56 byte-identical; cited file:line read on disk,"cited line matches the claim on disk; live 2026-09-11: 01192 subtitle rendered ""(bukan Bit Gula)"" vs corpus ""(Bukan Bit Gula)"" (altered set), 56101 and 01111 judul verbatim"
B-HEUR-005,B,HEURISTIC,,apps/mouth/src/app/kbli/[code]/page.tsx:843,1.00,false,CONFIRMED,script re-run on origin/main 0b56e22f56 byte-identical; cited file:line read on disk,"cited line matches the claim on disk; live 2026-09-11: 01192 subtitle rendered ""(bukan Bit Gula)"" vs corpus ""(Bukan Bit Gula)"" (altered set), 56101 and 01111 judul verbatim"
B-HEUR-006,B,HEURISTIC,,apps/mouth/src/components/kbli/KBLIStructuredData.tsx:124,1.00,false,CONFIRMED,script re-run on origin/main 0b56e22f56 byte-identical; cited file:line read on disk,cited line matches the claim on disk; live 2026-09-11: 56101 Article.description = 160-char uraian slice + PMA/risk prose (354 chars total) for a 1217-char uraian
B-OTHER-001,B,OTHER_FILE,,apps/mouth/src/lib/kbli-data.ts:333,1.00,false,CONFIRMED,script re-run on origin/main 0b56e22f56 byte-identical; cited file:line read on disk,cited line matches the claim on disk
B-OTHER-002,B,OTHER_FILE,,apps/mouth/src/lib/kbli-english-generated.ts:18,1.00,false,CONFIRMED,script re-run on origin/main 0b56e22f56 byte-identical; cited file:line read on disk,cited line matches the claim on disk
B-OTHER-003,B,OTHER_FILE,,apps/mouth/src/lib/kbli-data.ts:334,1.00,false,CONFIRMED,script re-run on origin/main 0b56e22f56 byte-identical; cited file:line read on disk,cited line matches the claim on disk
B-OTHER-004,B,OTHER_FILE,,apps/mouth/src/lib/kbli-data.ts:333,1.00,false,CONFIRMED,script re-run on origin/main 0b56e22f56 byte-identical; cited file:line read on disk,cited line matches the claim on disk
B-OTHER-005,B,OTHER_FILE,,apps/mouth/src/lib/kbli-data.ts:454,1.00,false,CONFIRMED,script re-run on origin/main 0b56e22f56 byte-identical; cited file:line read on disk,cited line matches the claim on disk
B-OTHER-006,B,OTHER_FILE,,apps/mouth/src/lib/kbli-editorial-certification.ts:3,1.00,false,CONFIRMED,script re-run on origin/main 0b56e22f56 byte-identical; cited file:line read on disk,cited line matches the claim on disk
B-OTHER-007,B,OTHER_FILE,,apps/mouth/src/lib/kbli-perpres-locator.ts:38,1.00,false,CONFIRMED,script re-run on origin/main 0b56e22f56 byte-identical; cited file:line read on disk,cited line matches the claim on disk
B-OTHER-008,B,OTHER_FILE,,apps/mouth/src/lib/kbli-risk-dispute.ts:80,0.90,false,CONFIRMED,script re-run on origin/main 0b56e22f56 byte-identical; cited file:line read on disk,cited line matches the claim on disk
B-HEUR-007,B,HEURISTIC,,apps/mouth/src/lib/kbli-section.ts:82,1.00,false,CONFIRMED,script re-run on origin/main 0b56e22f56 byte-identical; cited file:line read on disk,cited line matches the claim on disk
B-HEUR-008,B,HEURISTIC,,apps/mouth/src/lib/kbli-derive.ts:28,1.00,false,CONFIRMED,script re-run on origin/main 0b56e22f56 byte-identical; cited file:line read on disk,cited line matches the claim on disk
B-HEUR-009,B,HEURISTIC,,apps/mouth/src/app/kbli/[code]/page.tsx:894,1.00,false,CONFIRMED,script re-run on origin/main 0b56e22f56 byte-identical; cited file:line read on disk,cited line matches the claim on disk
B-HEUR-010,B,HEURISTIC,,apps/mouth/src/app/kbli/[code]/page.tsx:404,1.00,false,CONFIRMED,script re-run on origin/main 0b56e22f56 byte-identical; cited file:line read on disk,cited line matches the claim on disk
B-HEUR-011,B,HEURISTIC,,apps/mouth/src/lib/kbli-derive.ts:98,1.00,false,CONFIRMED,script re-run on origin/main 0b56e22f56 byte-identical; cited file:line read on disk,cited line matches the claim on disk
B-HEUR-012,B,HEURISTIC,,apps/mouth/src/lib/kbli-derive.ts:117,1.00,false,CONFIRMED,script re-run on origin/main 0b56e22f56 byte-identical; cited file:line read on disk,cited line matches the claim on disk
B-HEUR-013,B,HEURISTIC,,apps/mouth/src/lib/kbli-obligation-truncation.ts:71,1.00,false,CONFIRMED,script re-run on origin/main 0b56e22f56 byte-identical; cited file:line read on disk,cited line matches the claim on disk
B-HEUR-014,B,HEURISTIC,,apps/mouth/src/lib/kbli-status-labels.ts:183,1.00,false,CONFIRMED,script re-run on origin/main 0b56e22f56 byte-identical; cited file:line read on disk,cited line matches the claim on disk
B-HEUR-015,B,HEURISTIC,,apps/mouth/src/lib/kbli-pma-disclosure.ts:194,1.00,false,CONFIRMED,script re-run on origin/main 0b56e22f56 byte-identical; cited file:line read on disk,cited line matches the claim on disk
B-HEUR-016,B,HEURISTIC,,apps/mouth/src/lib/kbli-provenance.ts:175,1.00,false,CONFIRMED,script re-run on origin/main 0b56e22f56 byte-identical; cited file:line read on disk,cited line matches the claim on disk
B-HEUR-017,B,HEURISTIC,,apps/mouth/src/app/kbli/[code]/page.tsx:310,1.00,false,CONFIRMED,script re-run on origin/main 0b56e22f56 byte-identical; cited file:line read on disk,cited line matches the claim on disk
B-HEUR-018,B,HEURISTIC,,apps/mouth/src/app/kbli/[code]/page.tsx:1062,1.00,false,CONFIRMED,script re-run on origin/main 0b56e22f56 byte-identical; cited file:line read on disk,cited line matches the claim on disk
B-HEUR-019,B,HEURISTIC,,apps/mouth/src/lib/kbli-data.server.ts:297,1.00,false,CONFIRMED,script re-run on origin/main 0b56e22f56 byte-identical; cited file:line read on disk,cited line matches the claim on disk
B-HEUR-020,B,HEURISTIC,,apps/mouth/src/components/kbli/LicensingSection.tsx:85,1.00,false,CONFIRMED,script re-run on origin/main 0b56e22f56 byte-identical; cited file:line read on disk,cited line matches the claim on disk
B-HEUR-021,B,HEURISTIC,,apps/mouth/src/components/kbli/KBLIBaliContext.tsx:18,1.00,false,CONFIRMED,script re-run on origin/main 0b56e22f56 byte-identical; cited file:line read on disk,cited line matches the claim on disk
B-HEUR-022,B,HEURISTIC,,apps/mouth/src/components/kbli/KBLIYoullAlsoNeed.tsx:36,1.00,false,CONFIRMED,script re-run on origin/main 0b56e22f56 byte-identical; cited file:line read on disk,cited line matches the claim on disk
B-HEUR-023,B,HEURISTIC,,apps/mouth/src/lib/kbli-data.ts:394,1.00,false,CONFIRMED,script re-run on origin/main 0b56e22f56 byte-identical; cited file:line read on disk,cited line matches the claim on disk
B-HEUR-024,B,HEURISTIC,,apps/mouth/src/lib/kbli-data.ts:303,1.00,false,CONFIRMED,script re-run on origin/main 0b56e22f56 byte-identical; cited file:line read on disk,cited line matches the claim on disk
B-HEUR-025,B,HEURISTIC,,apps/mouth/src/lib/kbli-meta.ts:141,1.00,false,CONFIRMED,script re-run on origin/main 0b56e22f56 byte-identical; cited file:line read on disk,cited line matches the claim on disk
B-HEUR-026,B,HEURISTIC,,apps/mouth/src/lib/kbli-pma-editorial.ts:21,1.00,false,CONFIRMED,script re-run on origin/main 0b56e22f56 byte-identical; cited file:line read on disk,cited line matches the claim on disk
B-HARD-001,B,HARDCODED,,apps/mouth/src/lib/kbli-data.ts:47,1.00,false,CONFIRMED,script re-run on origin/main 0b56e22f56 byte-identical; cited file:line read on disk,cited line matches the claim on disk
B-HARD-002,B,HARDCODED,,apps/mouth/src/lib/kbli-data.server.ts:29,1.00,false,CONFIRMED,script re-run on origin/main 0b56e22f56 byte-identical; cited file:line read on disk,cited line matches the claim on disk
B-HARD-003,B,HARDCODED,,apps/mouth/src/components/kbli/LicensingSection.tsx:321,1.00,false,CONFIRMED,script re-run on origin/main 0b56e22f56 byte-identical; cited file:line read on disk,cited line matches the claim on disk
B-HARD-004,B,HARDCODED,,apps/mouth/src/components/kbli/KBLIStructuredData.tsx:126,1.00,false,CONFIRMED,script re-run on origin/main 0b56e22f56 byte-identical; cited file:line read on disk,cited line matches the claim on disk
B-HARD-005,B,HARDCODED,,apps/mouth/src/lib/kbli-data.server.ts:199,1.00,false,CONFIRMED,script re-run on origin/main 0b56e22f56 byte-identical; cited file:line read on disk,cited line matches the claim on disk
B-HARD-006,B,HARDCODED,,apps/mouth/src/components/kbli/KBLIStructuredData.tsx:182,0.90,false,CONFIRMED,script re-run on origin/main 0b56e22f56 byte-identical; cited file:line read on disk,cited line matches the claim on disk
B-HARD-007,B,HARDCODED,,apps/mouth/src/app/kbli/[code]/page.tsx:604,1.00,false,CONFIRMED,script re-run on origin/main 0b56e22f56 byte-identical; cited file:line read on disk,cited line matches the claim on disk
B-HARD-008,B,HARDCODED,,apps/mouth/src/components/kbli/LicensingSection.tsx:1156,0.90,false,CONFIRMED,script re-run on origin/main 0b56e22f56 byte-identical; cited file:line read on disk,cited line matches the claim on disk
B-HARD-009,B,HARDCODED,,apps/mouth/src/lib/kbli-bali-block.ts:160,1.00,false,CONFIRMED,script re-run on origin/main 0b56e22f56 byte-identical; cited file:line read on disk,cited line matches the claim on disk
B-HARD-010,B,HARDCODED,01287,apps/mouth/src/lib/kbli-bali-block.ts:107,1.00,false,CONFIRMED,script re-run on origin/main 0b56e22f56 byte-identical; cited file:line read on disk,cited line matches the claim on disk
B-HARD-011,B,HARDCODED,47111,apps/mouth/src/lib/kbli-bali-block.ts:111,1.00,false,CONFIRMED,script re-run on origin/main 0b56e22f56 byte-identical; cited file:line read on disk,cited line matches the claim on disk
B-HARD-012,B,HARDCODED,47112,apps/mouth/src/lib/kbli-bali-block.ts:115,1.00,false,CONFIRMED,script re-run on origin/main 0b56e22f56 byte-identical; cited file:line read on disk,cited line matches the claim on disk
B-HARD-013,B,HARDCODED,59131,apps/mouth/src/lib/kbli-bali-block.ts:118,1.00,false,CONFIRMED,script re-run on origin/main 0b56e22f56 byte-identical; cited file:line read on disk,cited line matches the claim on disk
B-HARD-014,B,HARDCODED,69102,apps/mouth/src/lib/kbli-bali-block.ts:120,1.00,false,CONFIRMED,script re-run on origin/main 0b56e22f56 byte-identical; cited file:line read on disk,cited line matches the claim on disk
B-HARD-015,B,HARDCODED,69104,apps/mouth/src/lib/kbli-bali-block.ts:124,1.00,false,CONFIRMED,script re-run on origin/main 0b56e22f56 byte-identical; cited file:line read on disk,cited line matches the claim on disk
B-HARD-016,B,HARDCODED,86201,apps/mouth/src/lib/kbli-bali-block.ts:128,1.00,false,CONFIRMED,script re-run on origin/main 0b56e22f56 byte-identical; cited file:line read on disk,cited line matches the claim on disk
B-HARD-017,B,HARDCODED,86202,apps/mouth/src/lib/kbli-bali-block.ts:132,1.00,false,CONFIRMED,script re-run on origin/main 0b56e22f56 byte-identical; cited file:line read on disk,cited line matches the claim on disk
B-HARD-018,B,HARDCODED,,apps/mouth/src/lib/kbli-bali-block.ts:105,1.00,false,CONFIRMED,script re-run on origin/main 0b56e22f56 byte-identical; cited file:line read on disk,cited line matches the claim on disk
B-HARD-019,B,HARDCODED,,apps/mouth/src/lib/kbli-faq.ts:22,0.90,false,CONFIRMED,script re-run on origin/main 0b56e22f56 byte-identical; cited file:line read on disk,cited line matches the claim on disk
B-HARD-020,B,HARDCODED,,apps/mouth/src/lib/kbli-meta.ts:106,1.00,false,CONFIRMED,script re-run on origin/main 0b56e22f56 byte-identical; cited file:line read on disk,cited line matches the claim on disk
B-HARD-021,B,HARDCODED,63122,apps/mouth/src/app/kbli-explorer/concordance.ts:10,1.00,false,CONFIRMED,script re-run on origin/main 0b56e22f56 byte-identical; cited file:line read on disk,cited line matches the claim on disk
B-HARD-022,B,HARDCODED,56101,apps/mouth/src/app/kbli-explorer/concordance.ts:19,1.00,false,CONFIRMED,script re-run on origin/main 0b56e22f56 byte-identical; cited file:line read on disk,cited line matches the claim on disk
B-HARD-023,B,HARDCODED,55113,apps/mouth/src/app/kbli-explorer/concordance.ts:27,1.00,false,CONFIRMED,script re-run on origin/main 0b56e22f56 byte-identical; cited file:line read on disk,cited line matches the claim on disk
B-HARD-024,B,HARDCODED,70209,apps/mouth/src/app/kbli-explorer/concordance.ts:34,1.00,false,CONFIRMED,script re-run on origin/main 0b56e22f56 byte-identical; cited file:line read on disk,cited line matches the claim on disk
B-HARD-025,B,HARDCODED,62019,apps/mouth/src/app/kbli-explorer/concordance.ts:42,1.00,false,CONFIRMED,script re-run on origin/main 0b56e22f56 byte-identical; cited file:line read on disk,cited line matches the claim on disk
B-HARD-026,B,HARDCODED,68111,apps/mouth/src/app/kbli-explorer/concordance.ts:50,1.00,false,CONFIRMED,script re-run on origin/main 0b56e22f56 byte-identical; cited file:line read on disk,cited line matches the claim on disk
B-HARD-027,B,HARDCODED,55209,apps/mouth/src/app/kbli-explorer/concordance.ts:59,1.00,false,CONFIRMED,script re-run on origin/main 0b56e22f56 byte-identical; cited file:line read on disk,cited line matches the claim on disk
B-HARD-028,B,HARDCODED,,apps/mouth/src/app/kbli-explorer/concordance.ts:9,1.00,false,CONFIRMED,script re-run on origin/main 0b56e22f56 byte-identical; cited file:line read on disk,cited line matches the claim on disk
B-HARD-029,B,HARDCODED,,apps/mouth/src/lib/kbli-data.ts:412,0.90,false,CONFIRMED,script re-run on origin/main 0b56e22f56 byte-identical; cited file:line read on disk,cited line matches the claim on disk
B-HARD-030,B,HARDCODED,,apps/mouth/src/lib/kbli-editorial-certification.ts:100,1.00,false,CONFIRMED,script re-run on origin/main 0b56e22f56 byte-identical; cited file:line read on disk,cited line matches the claim on disk
B-SCHEMA-001,B,SCHEMA_DIVERGENCE,,apps/mouth/src/lib/kbli-data.server.ts:332,1.00,false,CONFIRMED,script re-run on origin/main 0b56e22f56 byte-identical; cited file:line read on disk,cited line matches the claim on disk
B-SCHEMA-002,B,SCHEMA_DIVERGENCE,,apps/mouth/src/app/kbli/[code]/page.tsx:13,1.00,false,CONFIRMED,script re-run on origin/main 0b56e22f56 byte-identical; cited file:line read on disk,cited line matches the claim on disk
B-SCHEMA-003,B,SCHEMA_DIVERGENCE,,apps/mouth/src/lib/kbli-types.ts:65,1.00,false,CONFIRMED,script re-run on origin/main 0b56e22f56 byte-identical; cited file:line read on disk,cited line matches the claim on disk
B-SCHEMA-004,B,SCHEMA_DIVERGENCE,,apps/mouth/src/lib/kbli-provenance.ts:152,1.00,false,CONFIRMED,script re-run on origin/main 0b56e22f56 byte-identical; cited file:line read on disk,cited line matches the claim on disk
B-SCHEMA-005,B,SCHEMA_DIVERGENCE,,apps/mouth/src/lib/kbli-types.ts:65,1.00,false,CONFIRMED,script re-run on origin/main 0b56e22f56 byte-identical; cited file:line read on disk,cited line matches the claim on disk
B-SCHEMA-006,B,SCHEMA_DIVERGENCE,,apps/mouth/src/components/kbli/TransitionBadge.tsx:3,1.00,false,CONFIRMED,script re-run on origin/main 0b56e22f56 byte-identical; cited file:line read on disk,cited line matches the claim on disk
B-SCHEMA-007,B,SCHEMA_DIVERGENCE,,apps/mouth/src/lib/kbli-pma-disclosure.ts:31,1.00,false,CONFIRMED,script re-run on origin/main 0b56e22f56 byte-identical; cited file:line read on disk,cited line matches the claim on disk
B-SCHEMA-008,B,SCHEMA_DIVERGENCE,,data/source_documents/KBLI_2025_FINAL_CLEAN.json:1,1.00,false,CONFIRMED,script re-run on origin/main 0b56e22f56 byte-identical; cited file:line read on disk,cited line matches the claim on disk
B-PHAN-001,B,PHANTOM_CODE,10761,apps/mouth/data/kbli-perpres-slice-disclosures.json:17,1.00,false,CONFIRMED,script re-run on origin/main 0b56e22f56 byte-identical; cited file:line read on disk,cited line matches the claim on disk
B-PHAN-002,B,PHANTOM_CODE,13133,apps/mouth/data/kbli-perpres-slice-disclosures.json:25,1.00,false,CONFIRMED,script re-run on origin/main 0b56e22f56 byte-identical; cited file:line read on disk,cited line matches the claim on disk
B-PHAN-003,B,PHANTOM_CODE,20232,apps/mouth/data/kbli-perpres-slice-disclosures.json:33,1.00,false,CONFIRMED,script re-run on origin/main 0b56e22f56 byte-identical; cited file:line read on disk,cited line matches the claim on disk
B-PHAN-004,B,PHANTOM_CODE,26513,apps/mouth/data/kbli-perpres-slice-disclosures.json:41,1.00,false,CONFIRMED,script re-run on origin/main 0b56e22f56 byte-identical; cited file:line read on disk,cited line matches the claim on disk
B-PHAN-005,B,PHANTOM_CODE,30111,apps/mouth/data/kbli-perpres-slice-disclosures.json:49,1.00,false,CONFIRMED,script re-run on origin/main 0b56e22f56 byte-identical; cited file:line read on disk,cited line matches the claim on disk
B-PHAN-006,B,PHANTOM_CODE,30113,apps/mouth/data/kbli-perpres-slice-disclosures.json:63,1.00,false,CONFIRMED,script re-run on origin/main 0b56e22f56 byte-identical; cited file:line read on disk,cited line matches the claim on disk
B-PHAN-007,B,PHANTOM_CODE,30301,apps/mouth/data/kbli-perpres-slice-disclosures.json:71,1.00,false,CONFIRMED,script re-run on origin/main 0b56e22f56 byte-identical; cited file:line read on disk,cited line matches the claim on disk
B-PHAN-008,B,PHANTOM_CODE,30302,apps/mouth/data/kbli-perpres-slice-disclosures.json:79,1.00,false,CONFIRMED,script re-run on origin/main 0b56e22f56 byte-identical; cited file:line read on disk,cited line matches the claim on disk
B-PHAN-009,B,PHANTOM_CODE,58130,apps/mouth/data/kbli-perpres-slice-disclosures.json:87,1.00,false,CONFIRMED,script re-run on origin/main 0b56e22f56 byte-identical; cited file:line read on disk,cited line matches the claim on disk
B-PHAN-010,B,PHANTOM_CODE,60102,apps/mouth/data/kbli-perpres-slice-disclosures.json:95,1.00,false,CONFIRMED,script re-run on origin/main 0b56e22f56 byte-identical; cited file:line read on disk,cited line matches the claim on disk
B-PHAN-011,B,PHANTOM_CODE,60202,apps/mouth/data/kbli-perpres-slice-disclosures.json:103,1.00,false,CONFIRMED,script re-run on origin/main 0b56e22f56 byte-identical; cited file:line read on disk,cited line matches the claim on disk
B-PHAN-012,B,PHANTOM_CODE,90200,apps/mouth/data/kbli-perpres-slice-disclosures.json:111,1.00,false,CONFIRMED,script re-run on origin/main 0b56e22f56 byte-identical; cited file:line read on disk,cited line matches the claim on disk
B-PHAN-013,B,PHANTOM_CODE,,apps/mouth/data/kbli-perpres-slice-disclosures.json:16,1.00,false,CONFIRMED,script re-run on origin/main 0b56e22f56 byte-identical; cited file:line read on disk,cited line matches the claim on disk
B-PHAN-014,B,PHANTOM_CODE,20235,apps/mouth/data/kbli-perpres-slice-disclosures.json:5,1.00,false,CONFIRMED,script re-run on origin/main 0b56e22f56 byte-identical; cited file:line read on disk,cited line matches the claim on disk
B-PHAN-015,B,PHANTOM_CODE,30303,apps/mouth/data/kbli-perpres-slice-disclosures.json:6,1.00,false,CONFIRMED,script re-run on origin/main 0b56e22f56 byte-identical; cited file:line read on disk,cited line matches the claim on disk
B-PHAN-016,B,PHANTOM_CODE,51103,apps/mouth/data/kbli-perpres-slice-disclosures.json:7,1.00,false,CONFIRMED,script re-run on origin/main 0b56e22f56 byte-identical; cited file:line read on disk,cited line matches the claim on disk
B-PHAN-017,B,PHANTOM_CODE,60103,apps/mouth/data/kbli-perpres-slice-disclosures.json:8,1.00,false,CONFIRMED,script re-run on origin/main 0b56e22f56 byte-identical; cited file:line read on disk,cited line matches the claim on disk
B-PHAN-018,B,PHANTOM_CODE,60203,apps/mouth/data/kbli-perpres-slice-disclosures.json:9,1.00,false,CONFIRMED,script re-run on origin/main 0b56e22f56 byte-identical; cited file:line read on disk,cited line matches the claim on disk
B-PHAN-019,B,PHANTOM_CODE,,apps/mouth/src/lib/kbli-english.ts:7,1.00,false,CONFIRMED,script re-run on origin/main 0b56e22f56 byte-identical; cited file:line read on disk,"independent regex parse of kbli-english.ts: keys 376, phantoms 82920, 85598; generated map 1186 keys, 0 phantoms"
B-PHAN-020,B,PHANTOM_CODE,55113,apps/mouth/src/app/kbli-explorer/concordance.ts:27,1.00,false,CONFIRMED,script re-run on origin/main 0b56e22f56 byte-identical; cited file:line read on disk,cited line matches the claim on disk
B-PHAN-021,B,PHANTOM_CODE,62019,apps/mouth/src/app/kbli-explorer/concordance.ts:42,1.00,false,CONFIRMED,script re-run on origin/main 0b56e22f56 byte-identical; cited file:line read on disk,cited line matches the claim on disk
B-PHAN-022,B,PHANTOM_CODE,63122,apps/mouth/src/app/kbli-explorer/concordance.ts:10,1.00,false,CONFIRMED,script re-run on origin/main 0b56e22f56 byte-identical; cited file:line read on disk,cited line matches the claim on disk
B-PHAN-023,B,PHANTOM_CODE,82920,apps/mouth/src/lib/kbli-english.ts:169,1.00,false,CONFIRMED,script re-run on origin/main 0b56e22f56 byte-identical; cited file:line read on disk,cited line matches the claim on disk
B-PHAN-024,B,PHANTOM_CODE,85598,apps/mouth/src/lib/kbli-english.ts:307,1.00,false,CONFIRMED,script re-run on origin/main 0b56e22f56 byte-identical; cited file:line read on disk,cited line matches the claim on disk
B-PHAN-025,B,PHANTOM_CODE,64921,apps/mouth/data/kbli-gold-all.json:17406,1.00,false,CONFIRMED,script re-run on origin/main 0b56e22f56 byte-identical; cited file:line read on disk,cited line matches the claim on disk
B-PHAN-026,B,PHANTOM_CODE,85300,apps/mouth/data/kbli-gold-all.json:20243,1.00,false,CONFIRMED,script re-run on origin/main 0b56e22f56 byte-identical; cited file:line read on disk,cited line matches the claim on disk
B-PHAN-027,B,PHANTOM_CODE,85491,apps/mouth/data/kbli-gold-all.json:22249,1.00,false,CONFIRMED,script re-run on origin/main 0b56e22f56 byte-identical; cited file:line read on disk,cited line matches the claim on disk
B-PHAN-028,B,PHANTOM_CODE,85499,apps/mouth/data/kbli-gold-all.json:22270,1.00,false,CONFIRMED,script re-run on origin/main 0b56e22f56 byte-identical; cited file:line read on disk,cited line matches the claim on disk
B-PHAN-029,B,PHANTOM_CODE,85600,apps/mouth/data/kbli-gold-all.json:27707,1.00,false,CONFIRMED,script re-run on origin/main 0b56e22f56 byte-identical; cited file:line read on disk,cited line matches the claim on disk
B-PHAN-030,B,PHANTOM_CODE,86903,apps/mouth/data/kbli-gold-all.json:28511,1.00,false,CONFIRMED,script re-run on origin/main 0b56e22f56 byte-identical; cited file:line read on disk,cited line matches the claim on disk
B-PHAN-031,B,PHANTOM_CODE,96120,apps/mouth/data/kbli-gold-all.json:33622,1.00,false,CONFIRMED,script re-run on origin/main 0b56e22f56 byte-identical; cited file:line read on disk,cited line matches the claim on disk
B-PHAN-032,B,PHANTOM_CODE,96130,apps/mouth/data/kbli-gold-all.json:33675,1.00,false,CONFIRMED,script re-run on origin/main 0b56e22f56 byte-identical; cited file:line read on disk,cited line matches the claim on disk
B-PHAN-033,B,PHANTOM_CODE,,apps/mouth/data/kbli-gold-all.json:1,1.00,false,CONFIRMED,script re-run on origin/main 0b56e22f56 byte-identical; cited file:line read on disk,"independent set diff on kbli-gold-all.json: 428 keys, 8 phantoms (64921, 85300, 85491, 85499, 85600, 86903, 96120, 96130)"
B-PHAN-034,B,PHANTOM_CODE,,data/source_documents/KBLI_2025_FINAL_CLEAN.json:1,1.00,false,CONFIRMED,script re-run on origin/main 0b56e22f56 byte-identical; cited file:line read on disk,"balizero.com/kbli/82920 -> soft-404 (200 + noindex + ""Page not found""), no page rendered for a phantom code"
B-LEDG-001,B,CLAIM_LEDGER,,apps/mouth/src/content/_regulatory-claim-ledger.json:6,1.00,false,CONFIRMED,script re-run on origin/main 0b56e22f56 byte-identical; cited file:line read on disk,cited line matches the claim on disk
B-LEDG-002,B,CLAIM_LEDGER,,apps/mouth/src/content/_regulatory-claim-ledger.json:6,1.00,false,REFUTED,"grep on the full checkout (snapshot held only apps/mouth/src/app/{kbli,kbli-explorer})","1 consumer exists under apps/mouth: src/content/content-freshness-sentinel.test.ts (fixed-string grep of the file name). The Science re-run on the full checkout reported 4 because its consumer pattern also matched three Visa Oracle files that read separate Markdown claim ledgers. No KBLI page reads it, so the ""0 of 15 claims used on KBLI pages"" half stands. Count part wrong by snapshot scope (codex round 1, F-02)."
B-LEDG-003,B,CLAIM_LEDGER,,apps/mouth/src/content/_regulatory-claim-ledger.json:8,1.00,false,CONFIRMED,script re-run on origin/main 0b56e22f56 byte-identical; cited file:line read on disk,cited line matches the claim on disk
B-LEDG-004,B,CLAIM_LEDGER,,apps/mouth/src/content/_regulatory-claim-ledger.json:16,1.00,false,CONFIRMED,script re-run on origin/main 0b56e22f56 byte-identical; cited file:line read on disk,cited line matches the claim on disk
B-LEDG-005,B,CLAIM_LEDGER,,apps/mouth/src/content/_regulatory-claim-ledger.json:24,1.00,false,CONFIRMED,script re-run on origin/main 0b56e22f56 byte-identical; cited file:line read on disk,cited line matches the claim on disk
B-LEDG-006,B,CLAIM_LEDGER,,apps/mouth/src/content/_regulatory-claim-ledger.json:32,1.00,false,CONFIRMED,script re-run on origin/main 0b56e22f56 byte-identical; cited file:line read on disk,cited line matches the claim on disk
B-LEDG-007,B,CLAIM_LEDGER,,apps/mouth/src/content/_regulatory-claim-ledger.json:40,1.00,false,CONFIRMED,script re-run on origin/main 0b56e22f56 byte-identical; cited file:line read on disk,cited line matches the claim on disk
B-LEDG-008,B,CLAIM_LEDGER,,apps/mouth/src/content/_regulatory-claim-ledger.json:48,1.00,false,CONFIRMED,script re-run on origin/main 0b56e22f56 byte-identical; cited file:line read on disk,cited line matches the claim on disk
B-LEDG-009,B,CLAIM_LEDGER,,apps/mouth/src/content/_regulatory-claim-ledger.json:56,1.00,false,CONFIRMED,script re-run on origin/main 0b56e22f56 byte-identical; cited file:line read on disk,cited line matches the claim on disk
B-LEDG-010,B,CLAIM_LEDGER,,apps/mouth/src/content/_regulatory-claim-ledger.json:64,1.00,false,CONFIRMED,script re-run on origin/main 0b56e22f56 byte-identical; cited file:line read on disk,cited line matches the claim on disk
B-LEDG-011,B,CLAIM_LEDGER,,apps/mouth/src/content/_regulatory-claim-ledger.json:72,1.00,false,CONFIRMED,script re-run on origin/main 0b56e22f56 byte-identical; cited file:line read on disk,cited line matches the claim on disk
B-LEDG-012,B,CLAIM_LEDGER,,apps/mouth/src/content/_regulatory-claim-ledger.json:80,1.00,false,CONFIRMED,script re-run on origin/main 0b56e22f56 byte-identical; cited file:line read on disk,cited line matches the claim on disk
B-LEDG-013,B,CLAIM_LEDGER,,apps/mouth/src/content/_regulatory-claim-ledger.json:88,1.00,false,CONFIRMED,script re-run on origin/main 0b56e22f56 byte-identical; cited file:line read on disk,cited line matches the claim on disk
B-LEDG-014,B,CLAIM_LEDGER,,apps/mouth/src/content/_regulatory-claim-ledger.json:96,1.00,false,CONFIRMED,script re-run on origin/main 0b56e22f56 byte-identical; cited file:line read on disk,cited line matches the claim on disk
B-LEDG-015,B,CLAIM_LEDGER,,apps/mouth/src/content/_regulatory-claim-ledger.json:104,1.00,false,CONFIRMED,script re-run on origin/main 0b56e22f56 byte-identical; cited file:line read on disk,cited line matches the claim on disk
B-LEDG-016,B,CLAIM_LEDGER,,apps/mouth/src/content/_regulatory-claim-ledger.json:112,1.00,false,CONFIRMED,script re-run on origin/main 0b56e22f56 byte-identical; cited file:line read on disk,cited line matches the claim on disk
B-LEDG-017,B,CLAIM_LEDGER,,apps/mouth/src/content/_regulatory-claim-ledger.json:120,1.00,false,CONFIRMED,script re-run on origin/main 0b56e22f56 byte-identical; cited file:line read on disk,cited line matches the claim on disk
B-LEDG-018,B,CLAIM_LEDGER,,apps/mouth/src/app/kbli-explorer/concordance.ts:9,1.00,false,CONFIRMED,script re-run on origin/main 0b56e22f56 byte-identical; cited file:line read on disk,cited line matches the claim on disk
B-VERS-001,B,VERSION_MISMATCH,,apps/mouth/data/kbli-dataset-version.json:3,1.00,false,CONFIRMED,script re-run on origin/main 0b56e22f56 byte-identical; cited file:line read on disk,cited line matches the claim on disk
B-VERS-002,B,VERSION_MISMATCH,,apps/mouth/data/kbli-dataset-version.json:2,1.00,true,CONFIRMED,file read,sidecar has lastModified 2026-08-15 + datasetSha256 (sha of the corpus copy); corpus metadata has no lastModified key. Static fact; Science marked it runtime_dependent conservatively.
B-VERS-003,B,VERSION_MISMATCH,,apps/mouth/data/kbli-dataset-version.json:1,1.00,false,CONFIRMED,script re-run on origin/main 0b56e22f56 byte-identical; cited file:line read on disk,cited line matches the claim on disk
B-VERS-004,B,VERSION_MISMATCH,,data/kbli-filiera/pma-editorial-certifications.json:1,1.00,false,CONFIRMED,script re-run on origin/main 0b56e22f56 byte-identical; cited file:line read on disk,cited line matches the claim on disk
B-VERS-005,B,VERSION_MISMATCH,,apps/mouth/src/lib/kbli-data.server.ts:191,1.00,false,CONFIRMED,script re-run on origin/main 0b56e22f56 byte-identical; cited file:line read on disk,cited line matches the claim on disk
B-RT-001,B,RUNTIME,,apps/mouth/src/lib/kbli-data.ts:315,1.00,true,NEEDS-RUNTIME,live curl,"live <title> of 56101 is ""KBLI 56101: Restaurant — ..."" (English map in use); the env value itself is not observable from outside"
B-RT-002,B,RUNTIME,,apps/mouth/src/lib/kbli-data.ts:440,1.00,true,NEEDS-RUNTIME,live curl,"live page carries the corpus uraian of 56101 verbatim (1217 chars), so the loaded file equals the corpus copy; build cwd not observable"
B-RT-003,B,RUNTIME,,apps/mouth/src/lib/api/kbli.api.ts:184,1.00,true,NEEDS-RUNTIME,by construction (runtime_dependent=true),depends on env/fetch/build; not observable statically
B-RT-004,B,RUNTIME,,apps/mouth/src/app/kbli-explorer/page.tsx:1003,1.00,true,NEEDS-RUNTIME,by construction (runtime_dependent=true),depends on env/fetch/build; not observable statically
B-RT-005,B,RUNTIME,,apps/mouth/src/app/kbli-explorer/components/KBLIInspector.tsx:195,1.00,true,NEEDS-RUNTIME,by construction (runtime_dependent=true),depends on env/fetch/build; not observable statically
B-RT-006,B,RUNTIME,,apps/mouth/src/components/kbli/KBLISearch.tsx:91,1.00,true,NEEDS-RUNTIME,by construction (runtime_dependent=true),depends on env/fetch/build; not observable statically
B-RT-007,B,RUNTIME,,apps/mouth/src/components/kbli/ZantaraChat.tsx:75,1.00,true,NEEDS-RUNTIME,by construction (runtime_dependent=true),depends on env/fetch/build; not observable statically
B-RT-008,B,RUNTIME,,apps/mouth/src/app/kbli/[code]/page.tsx:114,1.00,true,REFUTED,find on the full checkout + live curl,route exists: apps/mouth/src/app/api/og/kbli/[code]/route.tsx; https://balizero.com/api/og/kbli/56101 -> 200 image/png. Absence was a snapshot-scope artifact.
B-RT-009,B,RUNTIME,,apps/mouth/src/app/kbli-explorer/layout.tsx:4,1.00,true,NEEDS-RUNTIME,by construction (runtime_dependent=true),depends on env/fetch/build; not observable statically
B-RT-010,B,RUNTIME,,apps/mouth/src/app/kbli/[code]/page.tsx:68,1.00,true,CONFIRMED,live curl headers + sitemap,"balizero.com/kbli/56101 responds x-nextjs-prerender: 1, x-vercel-cache: HIT; balizero.com/sitemap.xml lists 1559 /kbli/<5-digit> URLs"
C-TRACE-001,C,FIELD_TRACE,,apps/kbli-navigator/lib/kbli-data.ts:360,1.00,false,CONFIRMED,script re-run on origin/main 0b56e22f56 byte-identical; cited file:line read on disk,cited line matches the claim on disk
C-TRACE-002,C,FIELD_TRACE,,apps/kbli-navigator/lib/kbli-data.ts:364,1.00,false,CONFIRMED,script re-run on origin/main 0b56e22f56 byte-identical; cited file:line read on disk,cited line matches the claim on disk
C-TRACE-003,C,FIELD_TRACE,,apps/kbli-navigator/lib/kbli-data.ts:365,1.00,false,CONFIRMED,script re-run on origin/main 0b56e22f56 byte-identical; cited file:line read on disk,cited line matches the claim on disk
C-TRACE-004,C,FIELD_TRACE,,apps/kbli-navigator/lib/kbli-data.ts:404,1.00,false,CONFIRMED,script re-run on origin/main 0b56e22f56 byte-identical; cited file:line read on disk,cited line matches the claim on disk
C-TRACE-005,C,FIELD_TRACE,,apps/kbli-navigator/lib/kbli-data.ts:411,1.00,false,CONFIRMED,script re-run on origin/main 0b56e22f56 byte-identical; cited file:line read on disk,cited line matches the claim on disk
C-TRACE-006,C,FIELD_TRACE,,apps/kbli-navigator/lib/kbli-data.ts:361,1.00,false,CONFIRMED,script re-run on origin/main 0b56e22f56 byte-identical; cited file:line read on disk,cited line matches the claim on disk
C-TRACE-007,C,FIELD_TRACE,,apps/kbli-navigator/lib/kbli-data.ts:406,1.00,false,CONFIRMED,script re-run on origin/main 0b56e22f56 byte-identical; cited file:line read on disk,cited line matches the claim on disk
C-TRACE-008,C,FIELD_TRACE,,apps/kbli-navigator/lib/kbli-data.ts:381,1.00,false,CONFIRMED,script re-run on origin/main 0b56e22f56 byte-identical; cited file:line read on disk,cited line matches the claim on disk
C-TRACE-009,C,FIELD_TRACE,,apps/kbli-navigator/lib/kbli-data.ts:393,1.00,false,CONFIRMED,script re-run on origin/main 0b56e22f56 byte-identical; cited file:line read on disk,cited line matches the claim on disk
C-TRACE-010,C,FIELD_TRACE,,apps/kbli-navigator/lib/kbli-pma-disclosure.ts:46,1.00,false,CONFIRMED,script re-run on origin/main 0b56e22f56 byte-identical; cited file:line read on disk,cited line matches the claim on disk
C-TRACE-011,C,FIELD_TRACE,,apps/kbli-navigator/lib/kbli-data.ts:412,1.00,false,CONFIRMED,script re-run on origin/main 0b56e22f56 byte-identical; cited file:line read on disk,cited line matches the claim on disk
C-TRACE-012,C,FIELD_TRACE,,apps/kbli-navigator/lib/kbli-bali-l4.ts:130,1.00,false,CONFIRMED,script re-run on origin/main 0b56e22f56 byte-identical; cited file:line read on disk,cited line matches the claim on disk
C-TRACE-013,C,FIELD_TRACE,,apps/kbli-navigator/app/kbli/[code]/page.tsx:9479,1.00,false,CONFIRMED,script re-run on origin/main 0b56e22f56 byte-identical; cited file:line read on disk,cited line matches the claim on disk
C-TRACE-014,C,FIELD_TRACE,,apps/kbli-navigator/app/kbli/[code]/page.tsx:9481,1.00,false,CONFIRMED,script re-run on origin/main 0b56e22f56 byte-identical; cited file:line read on disk,cited line matches the claim on disk
C-TRACE-015,C,FIELD_TRACE,,apps/kbli-navigator/app/kbli/[code]/page.tsx:10005,1.00,false,CONFIRMED,script re-run on origin/main 0b56e22f56 byte-identical; cited file:line read on disk,cited line matches the claim on disk
C-TRACE-016,C,FIELD_TRACE,,apps/kbli-navigator/components/kbli/KBLICard.tsx:60,1.00,false,CONFIRMED,script re-run on origin/main 0b56e22f56 byte-identical; cited file:line read on disk,cited line matches the claim on disk
C-TRACE-017,C,FIELD_TRACE,,apps/kbli-navigator/app/kbli/[code]/page.tsx:55,1.00,false,CONFIRMED,script re-run on origin/main 0b56e22f56 byte-identical; cited file:line read on disk,cited line matches the claim on disk
C-TRACE-018,C,FIELD_TRACE,,apps/kbli-navigator/components/kbli/KBLIStructuredData.tsx:9,1.00,false,CONFIRMED,script re-run on origin/main 0b56e22f56 byte-identical; cited file:line read on disk,cited line matches the claim on disk
C-TRACE-019,C,FIELD_TRACE,,apps/kbli-navigator/lib/kbli-search.ts:221,1.00,false,CONFIRMED,script re-run on origin/main 0b56e22f56 byte-identical; cited file:line read on disk,cited line matches the claim on disk
C-TRACE-020,C,FIELD_TRACE,,apps/kbli-navigator/app/kbli/[code]/page.tsx:10213,1.00,false,CONFIRMED,script re-run on origin/main 0b56e22f56 byte-identical; cited file:line read on disk,cited line matches the claim on disk
C-TRACE-021,C,FIELD_TRACE,,apps/kbli-navigator/lib/kbli-data.ts:456,1.00,false,CONFIRMED,script re-run on origin/main 0b56e22f56 byte-identical; cited file:line read on disk,cited line matches the claim on disk
C-TRACE-022,C,FIELD_TRACE,,apps/kbli-navigator/lib/kbli-data.ts:1,1.00,false,CONFIRMED,script re-run on origin/main 0b56e22f56 byte-identical; cited file:line read on disk,cited line matches the claim on disk
C-SCHEMA-001,C,SCHEMA_DIVERGENCE,,apps/kbli-navigator/lib/kbli-types.ts:65,1.00,false,CONFIRMED,script re-run on origin/main 0b56e22f56 byte-identical; cited file:line read on disk,cited line matches the claim on disk
C-SCHEMA-002,C,SCHEMA_DIVERGENCE,,apps/kbli-navigator/lib/kbli-types.ts:70,1.00,false,CONFIRMED,script re-run on origin/main 0b56e22f56 byte-identical; cited file:line read on disk,cited line matches the claim on disk
C-SCHEMA-003,C,SCHEMA_DIVERGENCE,,apps/kbli-navigator/lib/kbli-types.ts:36,1.00,false,CONFIRMED,script re-run on origin/main 0b56e22f56 byte-identical; cited file:line read on disk,cited line matches the claim on disk
C-SCHEMA-004,C,SCHEMA_DIVERGENCE,,apps/kbli-navigator/lib/kbli-types.ts:29,1.00,false,CONFIRMED,script re-run on origin/main 0b56e22f56 byte-identical; cited file:line read on disk,cited line matches the claim on disk
C-SCHEMA-005,C,SCHEMA_DIVERGENCE,01122,apps/kbli-navigator/lib/kbli-types.ts:71,1.00,false,CONFIRMED,script re-run on origin/main 0b56e22f56 byte-identical; cited file:line read on disk,cited line matches the claim on disk
C-SCHEMA-006,C,SCHEMA_DIVERGENCE,,apps/kbli-navigator/lib/kbli-types.ts:74,1.00,false,CONFIRMED,script re-run on origin/main 0b56e22f56 byte-identical; cited file:line read on disk,cited line matches the claim on disk
C-SCHEMA-007,C,SCHEMA_DIVERGENCE,,apps/kbli-navigator/lib/kbli-types.ts:94,1.00,false,CONFIRMED,script re-run on origin/main 0b56e22f56 byte-identical; cited file:line read on disk,cited line matches the claim on disk
C-SCHEMA-008,C,SCHEMA_DIVERGENCE,,apps/kbli-navigator/lib/kbli-types.ts:110,1.00,false,CONFIRMED,script re-run on origin/main 0b56e22f56 byte-identical; cited file:line read on disk,cited line matches the claim on disk
C-SCHEMA-009,C,SCHEMA_DIVERGENCE,,apps/kbli-navigator/lib/kbli-data.ts:379,1.00,false,CONFIRMED,script re-run on origin/main 0b56e22f56 byte-identical; cited file:line read on disk,cited line matches the claim on disk
C-SCHEMA-010,C,SCHEMA_DIVERGENCE,,apps/kbli-navigator/lib/kbli-editorial-certification.ts:104,1.00,false,CONFIRMED,script re-run on origin/main 0b56e22f56 byte-identical; cited file:line read on disk,cited line matches the claim on disk
C-SCHEMA-011,C,SCHEMA_DIVERGENCE,,apps/kbli-navigator/lib/kbli-bali-l4.ts:75,1.00,false,CONFIRMED,script re-run on origin/main 0b56e22f56 byte-identical; cited file:line read on disk,cited line matches the claim on disk
C-SCHEMA-012,C,SCHEMA_DIVERGENCE,,apps/kbli-navigator/lib/kbli-data.ts:221,1.00,false,CONFIRMED,script re-run on origin/main 0b56e22f56 byte-identical; cited file:line read on disk,cited line matches the claim on disk
C-HEUR-001,C,HEURISTIC,,apps/kbli-navigator/lib/kbli-data.ts:256,1.00,false,CONFIRMED,script re-run on origin/main 0b56e22f56 byte-identical; cited file:line read on disk,cited line matches the claim on disk
C-HEUR-002,C,HEURISTIC,,apps/kbli-navigator/lib/kbli-data.ts:348,1.00,false,CONFIRMED,script re-run on origin/main 0b56e22f56 byte-identical; cited file:line read on disk,cited line matches the claim on disk
C-HEUR-003,C,HEURISTIC,,apps/kbli-navigator/lib/kbli-data.ts:539,1.00,false,CONFIRMED,script re-run on origin/main 0b56e22f56 byte-identical; cited file:line read on disk,cited line matches the claim on disk
C-HEUR-004,C,HEURISTIC,,apps/kbli-navigator/components/kbli/RiskBadge.tsx:9,1.00,false,CONFIRMED,script re-run on origin/main 0b56e22f56 byte-identical; cited file:line read on disk,cited line matches the claim on disk
C-HEUR-005,C,HEURISTIC,,apps/kbli-navigator/components/kbli/LicensingSection.tsx:351,1.00,false,CONFIRMED,script re-run on origin/main 0b56e22f56 byte-identical; cited file:line read on disk,cited line matches the claim on disk
C-HARD-001,C,HARDCODED,,apps/kbli-navigator/lib/kbli-data.ts:91,0.90,false,NEEDS-SOURCE,corpus + OSS read,"OSS ground truth has no section records; corpus sektor_id is a roman-numeral code (I.C, I.D), not a name. Needs BPS Perka 7/2025 section titles (external source)."
C-HARD-002,C,HARDCODED,,apps/kbli-navigator/lib/kbli-data.ts:33,1.00,false,CONFIRMED,script re-run on origin/main 0b56e22f56 byte-identical; cited file:line read on disk,cited line matches the claim on disk
C-HARD-003,C,HARDCODED,,apps/kbli-navigator/components/kbli/LicensingSection.tsx:214,1.00,false,CONFIRMED,script re-run on origin/main 0b56e22f56 byte-identical; cited file:line read on disk,cited line matches the claim on disk
C-HARD-004,C,HARDCODED,,apps/kbli-navigator/lib/kbli-english.ts:7,1.00,false,CONFIRMED,script re-run on origin/main 0b56e22f56 byte-identical; cited file:line read on disk,cited line matches the claim on disk
C-HARD-005,C,HARDCODED,,apps/kbli-navigator/lib/kbli-bali-l4.ts:3,0.50,false,CONFIRMED,grep across research/,"letter B.27.000/642/PM/DPMPTSP effective 2026-05-13 is consistent in 5 research captures (property 2026-07-21, content articles 04/10/14, editorial plan 2026-06-19) and in apps/mouth kbli-bali-block.ts"
C-HARD-006,C,HARDCODED,,apps/kbli-navigator/components/kbli/KBLIStructuredData.tsx:32,1.00,false,CONFIRMED,script re-run on origin/main 0b56e22f56 byte-identical; cited file:line read on disk,cited line matches the claim on disk
C-HARD-007,C,HARDCODED,,apps/kbli-navigator/components/kbli/BaliStatusBadge.tsx:27,1.00,false,CONFIRMED,script re-run on origin/main 0b56e22f56 byte-identical; cited file:line read on disk,cited line matches the claim on disk
C-CLAIM-001,C,CLAIM_LEDGER,,apps/kbli-navigator/lib/kbli-types.ts:3,1.00,false,CONFIRMED,grep on origin/main 0b56e22f56,"13 occurrences of the literal ""1,563"" under apps/kbli-navigator; 11 outside the two historical test comments (lib/__tests__/kbli-data.test.ts:513,519): layout.tsx:39, page.tsx:376/448, kbli/page.tsx:11/15/67/76, kbli/[code]/page.tsx:35, kbli-types.ts:3, kbli-data.ts:492, kbli-gold-codes.ts:5; Science counted 10. Surface is not production (apps/kbli-navigator is not production (its README: PRODUCTION = apps/mouth at balizero.com/kbli))"
C-CLAIM-002,C,CLAIM_LEDGER,,apps/kbli-navigator/lib/kbli-data.ts:492,1.00,false,CONFIRMED,grep on origin/main 0b56e22f56,"13 occurrences of the literal ""1,563"" under apps/kbli-navigator; 11 outside the two historical test comments (lib/__tests__/kbli-data.test.ts:513,519): layout.tsx:39, page.tsx:376/448, kbli/page.tsx:11/15/67/76, kbli/[code]/page.tsx:35, kbli-types.ts:3, kbli-data.ts:492, kbli-gold-codes.ts:5; Science counted 10. Surface is not production (apps/kbli-navigator is not production (its README: PRODUCTION = apps/mouth at balizero.com/kbli))"
C-CLAIM-003,C,CLAIM_LEDGER,,apps/kbli-navigator/lib/kbli-gold-codes.ts:5,1.00,false,CONFIRMED,grep on origin/main 0b56e22f56,"13 occurrences of the literal ""1,563"" under apps/kbli-navigator; 11 outside the two historical test comments (lib/__tests__/kbli-data.test.ts:513,519): layout.tsx:39, page.tsx:376/448, kbli/page.tsx:11/15/67/76, kbli/[code]/page.tsx:35, kbli-types.ts:3, kbli-data.ts:492, kbli-gold-codes.ts:5; Science counted 10. Surface is not production (apps/kbli-navigator is not production (its README: PRODUCTION = apps/mouth at balizero.com/kbli))"
C-CLAIM-004,C,CLAIM_LEDGER,,apps/kbli-navigator/app/kbli/[code]/page.tsx:35,1.00,false,CONFIRMED,grep on origin/main 0b56e22f56,"13 occurrences of the literal ""1,563"" under apps/kbli-navigator; 11 outside the two historical test comments (lib/__tests__/kbli-data.test.ts:513,519): layout.tsx:39, page.tsx:376/448, kbli/page.tsx:11/15/67/76, kbli/[code]/page.tsx:35, kbli-types.ts:3, kbli-data.ts:492, kbli-gold-codes.ts:5; Science counted 10. Surface is not production (apps/kbli-navigator is not production (its README: PRODUCTION = apps/mouth at balizero.com/kbli))"
C-CLAIM-005,C,CLAIM_LEDGER,,apps/kbli-navigator/app/kbli/page.tsx:11,1.00,false,CONFIRMED,grep on origin/main 0b56e22f56,"13 occurrences of the literal ""1,563"" under apps/kbli-navigator; 11 outside the two historical test comments (lib/__tests__/kbli-data.test.ts:513,519): layout.tsx:39, page.tsx:376/448, kbli/page.tsx:11/15/67/76, kbli/[code]/page.tsx:35, kbli-types.ts:3, kbli-data.ts:492, kbli-gold-codes.ts:5; Science counted 10. Surface is not production (apps/kbli-navigator is not production (its README: PRODUCTION = apps/mouth at balizero.com/kbli))"
C-CLAIM-006,C,CLAIM_LEDGER,,apps/kbli-navigator/app/kbli/page.tsx:15,1.00,false,CONFIRMED,grep on origin/main 0b56e22f56,"13 occurrences of the literal ""1,563"" under apps/kbli-navigator; 11 outside the two historical test comments (lib/__tests__/kbli-data.test.ts:513,519): layout.tsx:39, page.tsx:376/448, kbli/page.tsx:11/15/67/76, kbli/[code]/page.tsx:35, kbli-types.ts:3, kbli-data.ts:492, kbli-gold-codes.ts:5; Science counted 10. Surface is not production (apps/kbli-navigator is not production (its README: PRODUCTION = apps/mouth at balizero.com/kbli))"
C-CLAIM-007,C,CLAIM_LEDGER,,apps/kbli-navigator/app/kbli/page.tsx:67,1.00,false,CONFIRMED,grep on origin/main 0b56e22f56,"13 occurrences of the literal ""1,563"" under apps/kbli-navigator; 11 outside the two historical test comments (lib/__tests__/kbli-data.test.ts:513,519): layout.tsx:39, page.tsx:376/448, kbli/page.tsx:11/15/67/76, kbli/[code]/page.tsx:35, kbli-types.ts:3, kbli-data.ts:492, kbli-gold-codes.ts:5; Science counted 10. Surface is not production (apps/kbli-navigator is not production (its README: PRODUCTION = apps/mouth at balizero.com/kbli))"
C-CLAIM-008,C,CLAIM_LEDGER,,apps/kbli-navigator/app/kbli/page.tsx:76,1.00,false,CONFIRMED,grep on origin/main 0b56e22f56,"13 occurrences of the literal ""1,563"" under apps/kbli-navigator; 11 outside the two historical test comments (lib/__tests__/kbli-data.test.ts:513,519): layout.tsx:39, page.tsx:376/448, kbli/page.tsx:11/15/67/76, kbli/[code]/page.tsx:35, kbli-types.ts:3, kbli-data.ts:492, kbli-gold-codes.ts:5; Science counted 10. Surface is not production (apps/kbli-navigator is not production (its README: PRODUCTION = apps/mouth at balizero.com/kbli))"
C-CLAIM-009,C,CLAIM_LEDGER,,apps/kbli-navigator/app/page.tsx:376,1.00,false,CONFIRMED,grep on origin/main 0b56e22f56,"13 occurrences of the literal ""1,563"" under apps/kbli-navigator; 11 outside the two historical test comments (lib/__tests__/kbli-data.test.ts:513,519): layout.tsx:39, page.tsx:376/448, kbli/page.tsx:11/15/67/76, kbli/[code]/page.tsx:35, kbli-types.ts:3, kbli-data.ts:492, kbli-gold-codes.ts:5; Science counted 10. Surface is not production (apps/kbli-navigator is not production (its README: PRODUCTION = apps/mouth at balizero.com/kbli))"
C-CLAIM-010,C,CLAIM_LEDGER,,apps/kbli-navigator/app/page.tsx:448,1.00,false,CONFIRMED,grep on origin/main 0b56e22f56,"13 occurrences of the literal ""1,563"" under apps/kbli-navigator; 11 outside the two historical test comments (lib/__tests__/kbli-data.test.ts:513,519): layout.tsx:39, page.tsx:376/448, kbli/page.tsx:11/15/67/76, kbli/[code]/page.tsx:35, kbli-types.ts:3, kbli-data.ts:492, kbli-gold-codes.ts:5; Science counted 10. Surface is not production (apps/kbli-navigator is not production (its README: PRODUCTION = apps/mouth at balizero.com/kbli))"
C-CLAIM-011,C,CLAIM_LEDGER,,apps/kbli-navigator/app/page.tsx:376,1.00,false,CONFIRMED,script re-run on origin/main 0b56e22f56 byte-identical; cited file:line read on disk,cited line matches the claim on disk
C-CLAIM-012,C,CLAIM_LEDGER,,apps/kbli-navigator/lib/__tests__/kbli-data.test.ts:123,1.00,false,CONFIRMED,script re-run on origin/main 0b56e22f56 byte-identical; cited file:line read on disk,cited line matches the claim on disk
C-CLAIM-013,C,CLAIM_LEDGER,,apps/kbli-navigator/lib/__tests__/kbli-data.test.ts:232,1.00,false,CONFIRMED,script re-run on origin/main 0b56e22f56 byte-identical; cited file:line read on disk,cited line matches the claim on disk
C-CLAIM-014,C,CLAIM_LEDGER,,apps/kbli-navigator/lib/kbli-types.ts:3,0.70,false,CONFIRMED,corpus read + grep,"corpus metadata.source = ""BPS_7_2025 (judul + uraian) + PP28_2024 (licensing metadata)"" while 1558 of 1559 record _source values say PP28_2025 (1552 ""BPS_7_2025 + PP28_2025"", 6 ""PP28_2025_ONLY""; 01122 is BPS_7_2025_ONLY) and docs/ cites ""PP 28/2025"" 67x vs ""PP 28/2024"" 18x (fixed-string occurrence counts). The metadata label is the defect, not the TS header."
C-VER-001,C,VERSION_MISMATCH,,apps/kbli-navigator/lib/kbli-data.ts:492,1.00,false,CONFIRMED,grep on origin/main 0b56e22f56,"13 occurrences of the literal ""1,563"" under apps/kbli-navigator; 11 outside the two historical test comments (lib/__tests__/kbli-data.test.ts:513,519): layout.tsx:39, page.tsx:376/448, kbli/page.tsx:11/15/67/76, kbli/[code]/page.tsx:35, kbli-types.ts:3, kbli-data.ts:492, kbli-gold-codes.ts:5; Science counted 10. Surface is not production (apps/kbli-navigator is not production (its README: PRODUCTION = apps/mouth at balizero.com/kbli))"
C-VER-002,C,VERSION_MISMATCH,,data/kbli-filiera/pma-editorial-certifications.json:1,1.00,false,CONFIRMED,script re-run on origin/main 0b56e22f56 byte-identical; cited file:line read on disk,cited line matches the claim on disk
C-VER-003,C,VERSION_MISMATCH,,apps/kbli-navigator/lib/kbli-gold-content.ts:44943,1.00,false,CONFIRMED,"file read (wc -l, tail)","claim true: the file ends with the opaque stamp `// v1771748767` and never names the corpus version. Cited line 44943 is off by one — the file has 44942 lines and the stamp is the last one (codex round 1, F-01)."
C-PHANTOM-001,C,PHANTOM_CODE,82920,apps/kbli-navigator/lib/kbli-english.ts:169,1.00,false,CONFIRMED,grep on the full checkout + independent set diff,key absent from the 1559 OSS codes (re-derived); no .ts/.tsx under apps/kbli-navigator imports kbli-gold-codes.ts (lib/__tests__/kbli-gold-content.test.ts only names GOLD_CODES in a comment)
C-PHANTOM-002,C,PHANTOM_CODE,85598,apps/kbli-navigator/lib/kbli-english.ts:306,1.00,false,CONFIRMED,grep on the full checkout + independent set diff,key absent from the 1559 OSS codes (re-derived); no .ts/.tsx under apps/kbli-navigator imports kbli-gold-codes.ts (lib/__tests__/kbli-gold-content.test.ts only names GOLD_CODES in a comment)
C-PHANTOM-003,C,PHANTOM_CODE,64921,apps/kbli-navigator/lib/kbli-gold-codes.ts:414,1.00,false,CONFIRMED,grep on the full checkout + independent set diff,key absent from the 1559 OSS codes (re-derived); no .ts/.tsx under apps/kbli-navigator imports kbli-gold-codes.ts (lib/__tests__/kbli-gold-content.test.ts only names GOLD_CODES in a comment)
C-PHANTOM-004,C,PHANTOM_CODE,85300,apps/kbli-navigator/lib/kbli-gold-codes.ts:427,1.00,false,CONFIRMED,grep on the full checkout + independent set diff,key absent from the 1559 OSS codes (re-derived); no .ts/.tsx under apps/kbli-navigator imports kbli-gold-codes.ts (lib/__tests__/kbli-gold-content.test.ts only names GOLD_CODES in a comment)
C-PHANTOM-005,C,PHANTOM_CODE,85491,apps/kbli-navigator/lib/kbli-gold-codes.ts:428,1.00,false,CONFIRMED,grep on the full checkout + independent set diff,key absent from the 1559 OSS codes (re-derived); no .ts/.tsx under apps/kbli-navigator imports kbli-gold-codes.ts (lib/__tests__/kbli-gold-content.test.ts only names GOLD_CODES in a comment)
C-PHANTOM-006,C,PHANTOM_CODE,85499,apps/kbli-navigator/lib/kbli-gold-codes.ts:429,1.00,false,CONFIRMED,grep on the full checkout + independent set diff,key absent from the 1559 OSS codes (re-derived); no .ts/.tsx under apps/kbli-navigator imports kbli-gold-codes.ts (lib/__tests__/kbli-gold-content.test.ts only names GOLD_CODES in a comment)
C-PHANTOM-007,C,PHANTOM_CODE,85600,apps/kbli-navigator/lib/kbli-gold-codes.ts:430,1.00,false,CONFIRMED,grep on the full checkout + independent set diff,key absent from the 1559 OSS codes (re-derived); no .ts/.tsx under apps/kbli-navigator imports kbli-gold-codes.ts (lib/__tests__/kbli-gold-content.test.ts only names GOLD_CODES in a comment)
C-PHANTOM-008,C,PHANTOM_CODE,86903,apps/kbli-navigator/lib/kbli-gold-codes.ts:433,1.00,false,CONFIRMED,grep on the full checkout + independent set diff,key absent from the 1559 OSS codes (re-derived); no .ts/.tsx under apps/kbli-navigator imports kbli-gold-codes.ts (lib/__tests__/kbli-gold-content.test.ts only names GOLD_CODES in a comment)
C-PHANTOM-009,C,PHANTOM_CODE,96120,apps/kbli-navigator/lib/kbli-gold-codes.ts:434,1.00,false,CONFIRMED,grep on the full checkout + independent set diff,key absent from the 1559 OSS codes (re-derived); no .ts/.tsx under apps/kbli-navigator imports kbli-gold-codes.ts (lib/__tests__/kbli-gold-content.test.ts only names GOLD_CODES in a comment)
C-PHANTOM-010,C,PHANTOM_CODE,96130,apps/kbli-navigator/lib/kbli-gold-codes.ts:435,1.00,false,CONFIRMED,grep on the full checkout + independent set diff,key absent from the 1559 OSS codes (re-derived); no .ts/.tsx under apps/kbli-navigator imports kbli-gold-codes.ts (lib/__tests__/kbli-gold-content.test.ts only names GOLD_CODES in a comment)
C-PHANTOM-011,C,PHANTOM_CODE,64921,apps/kbli-navigator/lib/kbli-gold-content.ts:845,1.00,false,CONFIRMED,script re-run on origin/main 0b56e22f56 byte-identical; cited file:line read on disk,cited line matches the claim on disk
C-PHANTOM-012,C,PHANTOM_CODE,96120,apps/kbli-navigator/lib/kbli-gold-content.ts:1885,1.00,false,CONFIRMED,script re-run on origin/main 0b56e22f56 byte-identical; cited file:line read on disk,cited line matches the claim on disk
C-PHANTOM-013,C,PHANTOM_CODE,96130,apps/kbli-navigator/lib/kbli-gold-content.ts:1979,1.00,false,CONFIRMED,script re-run on origin/main 0b56e22f56 byte-identical; cited file:line read on disk,cited line matches the claim on disk
C-PHANTOM-014,C,PHANTOM_CODE,85491,apps/kbli-navigator/lib/kbli-gold-content.ts:2156,1.00,false,CONFIRMED,script re-run on origin/main 0b56e22f56 byte-identical; cited file:line read on disk,cited line matches the claim on disk
C-PHANTOM-015,C,PHANTOM_CODE,85499,apps/kbli-navigator/lib/kbli-gold-content.ts:2205,1.00,false,CONFIRMED,script re-run on origin/main 0b56e22f56 byte-identical; cited file:line read on disk,cited line matches the claim on disk
C-PHANTOM-016,C,PHANTOM_CODE,85600,apps/kbli-navigator/lib/kbli-gold-content.ts:2253,1.00,false,CONFIRMED,script re-run on origin/main 0b56e22f56 byte-identical; cited file:line read on disk,cited line matches the claim on disk
C-PHANTOM-017,C,PHANTOM_CODE,85300,apps/kbli-navigator/lib/kbli-gold-content.ts:2300,1.00,false,CONFIRMED,script re-run on origin/main 0b56e22f56 byte-identical; cited file:line read on disk,cited line matches the claim on disk
C-PHANTOM-018,C,PHANTOM_CODE,86903,apps/kbli-navigator/lib/kbli-gold-content.ts:41880,1.00,false,CONFIRMED,script re-run on origin/main 0b56e22f56 byte-identical; cited file:line read on disk,cited line matches the claim on disk
C-PHANTOM-019,C,PHANTOM_CODE,64921,apps/kbli-navigator/app/kbli/[code]/page.tsx:78,1.00,false,CONFIRMED,script re-run on origin/main 0b56e22f56 byte-identical; cited file:line read on disk,cited line matches the claim on disk
C-PHANTOM-020,C,PHANTOM_CODE,86903,apps/kbli-navigator/app/kbli/[code]/page.tsx:264,1.00,false,CONFIRMED,script re-run on origin/main 0b56e22f56 byte-identical; cited file:line read on disk,cited line matches the claim on disk
C-PHANTOM-021,C,PHANTOM_CODE,96120,apps/kbli-navigator/app/kbli/[code]/page.tsx:270,1.00,false,CONFIRMED,script re-run on origin/main 0b56e22f56 byte-identical; cited file:line read on disk,cited line matches the claim on disk
C-PHANTOM-022,C,PHANTOM_CODE,96130,apps/kbli-navigator/app/kbli/[code]/page.tsx:276,1.00,false,CONFIRMED,script re-run on origin/main 0b56e22f56 byte-identical; cited file:line read on disk,cited line matches the claim on disk
C-PHANTOM-023,C,PHANTOM_CODE,85491,apps/kbli-navigator/app/kbli/[code]/page.tsx:462,1.00,false,CONFIRMED,script re-run on origin/main 0b56e22f56 byte-identical; cited file:line read on disk,cited line matches the claim on disk
C-PHANTOM-024,C,PHANTOM_CODE,85499,apps/kbli-navigator/app/kbli/[code]/page.tsx:468,1.00,false,CONFIRMED,script re-run on origin/main 0b56e22f56 byte-identical; cited file:line read on disk,cited line matches the claim on disk
C-PHANTOM-025,C,PHANTOM_CODE,85600,apps/kbli-navigator/app/kbli/[code]/page.tsx:474,1.00,false,CONFIRMED,script re-run on origin/main 0b56e22f56 byte-identical; cited file:line read on disk,cited line matches the claim on disk
C-PHANTOM-026,C,PHANTOM_CODE,85300,apps/kbli-navigator/app/kbli/[code]/page.tsx:480,1.00,false,CONFIRMED,script re-run on origin/main 0b56e22f56 byte-identical; cited file:line read on disk,cited line matches the claim on disk
C-PHANTOM-027,C,PHANTOM_CODE,90011,apps/kbli-navigator/app/kbli/[code]/page.tsx:492,1.00,false,CONFIRMED,script re-run on origin/main 0b56e22f56 byte-identical; cited file:line read on disk,cited line matches the claim on disk
C-PHANTOM-028,C,PHANTOM_CODE,68120,apps/kbli-navigator/app/kbli/[code]/page.tsx:570,1.00,false,CONFIRMED,script re-run on origin/main 0b56e22f56 byte-identical; cited file:line read on disk,cited line matches the claim on disk
C-PHANTOM-029,C,PHANTOM_CODE,68200,apps/kbli-navigator/app/kbli/[code]/page.tsx:576,1.00,false,CONFIRMED,script re-run on origin/main 0b56e22f56 byte-identical; cited file:line read on disk,cited line matches the claim on disk
C-PHANTOM-030,C,PHANTOM_CODE,68310,apps/kbli-navigator/app/kbli/[code]/page.tsx:582,1.00,false,CONFIRMED,script re-run on origin/main 0b56e22f56 byte-identical; cited file:line read on disk,cited line matches the claim on disk
C-PHANTOM-031,C,PHANTOM_CODE,68128,apps/kbli-navigator/app/kbli/[code]/page.tsx:1532,1.00,false,CONFIRMED,script re-run on origin/main 0b56e22f56 byte-identical; cited file:line read on disk,cited line matches the claim on disk
C-PHANTOM-032,C,PHANTOM_CODE,68293,apps/kbli-navigator/app/kbli/[code]/page.tsx:1562,1.00,false,CONFIRMED,script re-run on origin/main 0b56e22f56 byte-identical; cited file:line read on disk,cited line matches the claim on disk
C-PHANTOM-033,C,PHANTOM_CODE,68294,apps/kbli-navigator/app/kbli/[code]/page.tsx:1568,1.00,false,CONFIRMED,script re-run on origin/main 0b56e22f56 byte-identical; cited file:line read on disk,cited line matches the claim on disk
C-PHANTOM-034,C,PHANTOM_CODE,68295,apps/kbli-navigator/app/kbli/[code]/page.tsx:1574,1.00,false,CONFIRMED,script re-run on origin/main 0b56e22f56 byte-identical; cited file:line read on disk,cited line matches the claim on disk
C-PHANTOM-035,C,PHANTOM_CODE,68296,apps/kbli-navigator/app/kbli/[code]/page.tsx:1580,1.00,false,CONFIRMED,script re-run on origin/main 0b56e22f56 byte-identical; cited file:line read on disk,cited line matches the claim on disk
C-PHANTOM-036,C,PHANTOM_CODE,68297,apps/kbli-navigator/app/kbli/[code]/page.tsx:1586,1.00,false,CONFIRMED,script re-run on origin/main 0b56e22f56 byte-identical; cited file:line read on disk,cited line matches the claim on disk
C-PHANTOM-037,C,PHANTOM_CODE,68298,apps/kbli-navigator/app/kbli/[code]/page.tsx:1592,1.00,false,CONFIRMED,script re-run on origin/main 0b56e22f56 byte-identical; cited file:line read on disk,cited line matches the claim on disk
C-PHANTOM-038,C,PHANTOM_CODE,79904,apps/kbli-navigator/app/kbli/[code]/page.tsx:1837,1.00,false,CONFIRMED,script re-run on origin/main 0b56e22f56 byte-identical; cited file:line read on disk,cited line matches the claim on disk
C-PHANTOM-039,C,PHANTOM_CODE,79905,apps/kbli-navigator/app/kbli/[code]/page.tsx:1843,1.00,false,CONFIRMED,script re-run on origin/main 0b56e22f56 byte-identical; cited file:line read on disk,cited line matches the claim on disk
C-PHANTOM-040,C,PHANTOM_CODE,79906,apps/kbli-navigator/app/kbli/[code]/page.tsx:1849,1.00,false,CONFIRMED,script re-run on origin/main 0b56e22f56 byte-identical; cited file:line read on disk,cited line matches the claim on disk
C-PHANTOM-041,C,PHANTOM_CODE,79907,apps/kbli-navigator/app/kbli/[code]/page.tsx:1855,1.00,false,CONFIRMED,script re-run on origin/main 0b56e22f56 byte-identical; cited file:line read on disk,cited line matches the claim on disk
C-PHANTOM-042,C,PHANTOM_CODE,79908,apps/kbli-navigator/app/kbli/[code]/page.tsx:1861,1.00,false,CONFIRMED,script re-run on origin/main 0b56e22f56 byte-identical; cited file:line read on disk,cited line matches the claim on disk
C-PHANTOM-043,C,PHANTOM_CODE,26120,apps/kbli-navigator/app/kbli/[code]/page.tsx:4689,1.00,false,CONFIRMED,script re-run on origin/main 0b56e22f56 byte-identical; cited file:line read on disk,cited line matches the claim on disk
C-PHANTOM-044,C,PHANTOM_CODE,60111,apps/kbli-navigator/app/kbli/[code]/page.tsx:7461,1.00,false,CONFIRMED,script re-run on origin/main 0b56e22f56 byte-identical; cited file:line read on disk,cited line matches the claim on disk
C-PHANTOM-045,C,PHANTOM_CODE,82920,apps/kbli-navigator/app/kbli/[code]/page.tsx:8265,1.00,false,CONFIRMED,script re-run on origin/main 0b56e22f56 byte-identical; cited file:line read on disk,cited line matches the claim on disk
C-PHANTOM-046,C,PHANTOM_CODE,85598,apps/kbli-navigator/app/kbli/[code]/page.tsx:8733,1.00,false,CONFIRMED,script re-run on origin/main 0b56e22f56 byte-identical; cited file:line read on disk,cited line matches the claim on disk
C-PHANTOM-047,C,PHANTOM_CODE,,apps/kbli-navigator/lib/kbli-english.ts:7,1.00,false,CONFIRMED,script re-run on origin/main 0b56e22f56 byte-identical; cited file:line read on disk,cited line matches the claim on disk
C-PHANTOM-048,C,PHANTOM_CODE,,apps/kbli-navigator/lib/kbli-english.ts:7,1.00,false,CONFIRMED,script re-run on origin/main 0b56e22f56 byte-identical; cited file:line read on disk,cited line matches the claim on disk
C-JAB-001,C,JABATAN_PHANTOM,,apps/kbli-navigator/data/kepmenaker-228-jabatan-mapping.json:1,1.00,false,CONFIRMED,independent recount (fresh code),"distinct codes 234 and 0 absent from OSS reproduced; the ""jabatan listed"" figure is method-dependent (Science 216 by its walker, naive list-field sum 297); invariant holds"
C-JAB-002,C,JABATAN_PHANTOM,,apps/kbli-navigator/data/kepmenaker-228-jabatan-mapping.json:1,1.00,false,CONFIRMED,script re-run on origin/main 0b56e22f56 byte-identical; cited file:line read on disk,cited line matches the claim on disk
C-JAB-003,C,JABATAN_PHANTOM,,apps/kbli-navigator/data/kepmenaker-228-jabatan-mapping.json:1,1.00,false,CONFIRMED,grep on the full checkout,no .ts/.tsx/.js under apps/ imports kepmenaker-228-jabatan-mapping.json
C-DEC-001,C,DECISION_INPUT,,apps/kbli-navigator/lib/kbli-data.ts:364,1.00,false,CONFIRMED,script re-run on origin/main 0b56e22f56 byte-identical; cited file:line read on disk,cited line matches the claim on disk
C-DEC-002,C,DECISION_INPUT,,apps/kbli-navigator/lib/kbli-data.ts:411,1.00,false,CONFIRMED,script re-run on origin/main 0b56e22f56 byte-identical; cited file:line read on disk,cited line matches the claim on disk
C-DEC-003,C,DECISION_INPUT,,apps/kbli-navigator/app/kbli/[code]/page.tsx:55,1.00,false,CONFIRMED,script re-run on origin/main 0b56e22f56 byte-identical; cited file:line read on disk,cited line matches the claim on disk
C-DEC-004,C,DECISION_INPUT,,apps/kbli-navigator/lib/kbli-search.ts:228,1.00,false,CONFIRMED,script re-run on origin/main 0b56e22f56 byte-identical; cited file:line read on disk,cited line matches the claim on disk
C-DEC-005,C,DECISION_INPUT,,apps/kbli-navigator/components/kbli/PMABadge.tsx:58,1.00,false,CONFIRMED,script re-run on origin/main 0b56e22f56 byte-identical; cited file:line read on disk,cited line matches the claim on disk
C-DEC-006,C,DECISION_INPUT,,apps/kbli-navigator/lib/kbli-pma-disclosure.ts:16,1.00,false,CONFIRMED,script re-run on origin/main 0b56e22f56 byte-identical; cited file:line read on disk,cited line matches the claim on disk
C-DEC-007,C,DECISION_INPUT,,apps/kbli-navigator/app/kbli/[code]/page.tsx:9352,1.00,false,CONFIRMED,script re-run on origin/main 0b56e22f56 byte-identical; cited file:line read on disk,cited line matches the claim on disk
C-DEC-008,C,DECISION_INPUT,,apps/kbli-navigator/lib/kbli-bali-l4.ts:55,1.00,false,CONFIRMED,script re-run on origin/main 0b56e22f56 byte-identical; cited file:line read on disk,cited line matches the claim on disk
C-DEC-009,C,DECISION_INPUT,,apps/kbli-navigator/app/kbli/[code]/page.tsx:9547,1.00,false,CONFIRMED,script re-run on origin/main 0b56e22f56 byte-identical; cited file:line read on disk,cited line matches the claim on disk
C-DEC-010,C,DECISION_INPUT,01122,apps/kbli-navigator/components/kbli/TransitionBadge.tsx:31,1.00,false,CONFIRMED,script re-run on origin/main 0b56e22f56 byte-identical; cited file:line read on disk,cited line matches the claim on disk
C-DEC-011,C,DECISION_INPUT,,apps/kbli-navigator/lib/kbli-editorial-certification.ts:51,1.00,false,CONFIRMED,script re-run on origin/main 0b56e22f56 byte-identical; cited file:line read on disk,cited line matches the claim on disk
C-DEC-012,C,DECISION_INPUT,,apps/kbli-navigator/app/kbli/search/page.tsx:51,1.00,false,CONFIRMED,script re-run on origin/main 0b56e22f56 byte-identical; cited file:line read on disk,cited line matches the claim on disk
C-RT-001,C,RUNTIME,,apps/kbli-navigator/lib/kbli-data.ts:437,1.00,true,NEEDS-RUNTIME,live curl,apps/kbli-navigator is not production (its README: PRODUCTION = apps/mouth at balizero.com/kbli); served at knowledge.balizero.com behind the kita login (302 to login observed 2026-09-11); kbli-navigator-rebuild.vercel.app returns DEPLOYMENT_NOT_FOUND
C-RT-002,C,RUNTIME,,apps/kbli-navigator/lib/kbli-bali-l4.ts:102,1.00,true,NEEDS-RUNTIME,live curl,apps/kbli-navigator is not production (its README: PRODUCTION = apps/mouth at balizero.com/kbli); served at knowledge.balizero.com behind the kita login (302 to login observed 2026-09-11); kbli-navigator-rebuild.vercel.app returns DEPLOYMENT_NOT_FOUND
C-RT-003,C,RUNTIME,,apps/kbli-navigator/app/kbli/search/page.tsx:25,1.00,true,NEEDS-RUNTIME,live curl,apps/kbli-navigator is not production (its README: PRODUCTION = apps/mouth at balizero.com/kbli); served at knowledge.balizero.com behind the kita login (302 to login observed 2026-09-11); kbli-navigator-rebuild.vercel.app returns DEPLOYMENT_NOT_FOUND
C-RT-004,C,RUNTIME,,apps/kbli-navigator/app/api/kbli/codes/route.ts:27,1.00,true,NEEDS-RUNTIME,live curl,apps/kbli-navigator is not production (its README: PRODUCTION = apps/mouth at balizero.com/kbli); served at knowledge.balizero.com behind the kita login (302 to login observed 2026-09-11); kbli-navigator-rebuild.vercel.app returns DEPLOYMENT_NOT_FOUND
C-RT-005,C,RUNTIME,,apps/kbli-navigator/components/kbli/ZantaraChat.tsx:58,1.00,true,NEEDS-RUNTIME,live curl,apps/kbli-navigator is not production (its README: PRODUCTION = apps/mouth at balizero.com/kbli); served at knowledge.balizero.com behind the kita login (302 to login observed 2026-09-11); kbli-navigator-rebuild.vercel.app returns DEPLOYMENT_NOT_FOUND
C-RT-006,C,RUNTIME,,apps/kbli-navigator/lib/kbli-editorial-certification.ts:3,1.00,true,NEEDS-RUNTIME,live curl,apps/kbli-navigator is not production (its README: PRODUCTION = apps/mouth at balizero.com/kbli); served at knowledge.balizero.com behind the kita login (302 to login observed 2026-09-11); kbli-navigator-rebuild.vercel.app returns DEPLOYMENT_NOT_FOUND
C-RT-007,C,RUNTIME,,apps/kbli-navigator/app/sitemap.ts:4,1.00,true,NEEDS-RUNTIME,file read + live curl,"static half confirmed: sitemap.ts:4 BASE_URL = https://balizero.com/kbli-navigator, a path that 308s to /kbli on the production site; apps/kbli-navigator is not production (its README: PRODUCTION = apps/mouth at balizero.com/kbli); served at knowledge.balizero.com behind the kita login (302 to login observed 2026-09-11); kbli-navigator-rebuild.vercel.app returns DEPLOYMENT_NOT_FOUND"
