client_id,new_owner
59,damar@balizero.com
141,damar@balizero.com
146,damar@balizero.com
217,damar@balizero.com
266,damar@balizero.com
283,damar@balizero.com
318,damar@balizero.com
352,damar@balizero.com
382,damar@balizero.com
428,damar@balizero.com
468,damar@balizero.com
523,damar@balizero.com
539,damar@balizero.com
557,damar@balizero.com
659,damar@balizero.com
678,damar@balizero.com
759,damar@balizero.com
780,damar@balizero.com
950,damar@balizero.com
1006,damar@balizero.com
1161,damar@balizero.com
1230,damar@balizero.com
1449,damar@balizero.com
1466,damar@balizero.com
1469,damar@balizero.com
1526,damar@balizero.com
1541,damar@balizero.com
1575,damar@balizero.com
1615,damar@balizero.com
1709,damar@balizero.com
1713,damar@balizero.com
2018,damar@balizero.com
2091,damar@balizero.com
2144,damar@balizero.com
2175,damar@balizero.com
2311,damar@balizero.com
2352,damar@balizero.com
2471,damar@balizero.com
2512,damar@balizero.com
2539,damar@balizero.com
2688,damar@balizero.com
2753,damar@balizero.com
2790,damar@balizero.com
2818,damar@balizero.com
2843,damar@balizero.com
2863,damar@balizero.com
2877,damar@balizero.com
2888,damar@balizero.com
3008,damar@balizero.com
3030,damar@balizero.com
3084,damar@balizero.com
3090,damar@balizero.com
3093,damar@balizero.com
3150,damar@balizero.com
3174,damar@balizero.com
3194,damar@balizero.com
3312,damar@balizero.com
3346,damar@balizero.com
3348,damar@balizero.com
3445,damar@balizero.com
3506,damar@balizero.com
3510,damar@balizero.com
3571,damar@balizero.com
3648,damar@balizero.com
3714,damar@balizero.com
3721,damar@balizero.com
3763,damar@balizero.com
4041,damar@balizero.com
4076,damar@balizero.com
4088,damar@balizero.com
4186,damar@balizero.com
4208,damar@balizero.com
4211,damar@balizero.com
4305,damar@balizero.com
4314,damar@balizero.com
4472,damar@balizero.com
4488,damar@balizero.com
4598,damar@balizero.com
4658,damar@balizero.com
4818,damar@balizero.com
4928,damar@balizero.com
5069,damar@balizero.com
5089,damar@balizero.com
5135,damar@balizero.com
5219,damar@balizero.com
5327,damar@balizero.com
5393,damar@balizero.com
5394,damar@balizero.com
5414,damar@balizero.com
5430,damar@balizero.com
5450,damar@balizero.com
5471,damar@balizero.com
5533,damar@balizero.com
5552,damar@balizero.com
5573,damar@balizero.com
5574,damar@balizero.com
5592,damar@balizero.com
5636,damar@balizero.com
5694,damar@balizero.com
5723,damar@balizero.com
5800,damar@balizero.com
5806,damar@balizero.com
5808,damar@balizero.com
6190,damar@balizero.com
6272,damar@balizero.com
6283,damar@balizero.com
6546,damar@balizero.com
6583,damar@balizero.com
6585,damar@balizero.com
6655,damar@balizero.com
6753,damar@balizero.com
6766,damar@balizero.com
6879,damar@balizero.com
6914,damar@balizero.com
6920,damar@balizero.com
6927,damar@balizero.com
7041,damar@balizero.com
7066,damar@balizero.com
7092,damar@balizero.com
7174,damar@balizero.com
7243,damar@balizero.com
7264,damar@balizero.com
7290,damar@balizero.com
7352,damar@balizero.com
7367,damar@balizero.com
7383,damar@balizero.com
7439,damar@balizero.com
7501,damar@balizero.com
7586,damar@balizero.com
7600,damar@balizero.com
7918,damar@balizero.com
8069,damar@balizero.com
8107,damar@balizero.com
8177,damar@balizero.com
8233,damar@balizero.com
8314,damar@balizero.com
8338,damar@balizero.com
8426,damar@balizero.com
8440,damar@balizero.com
8451,damar@balizero.com
8537,damar@balizero.com
8651,damar@balizero.com
8833,damar@balizero.com
8961,damar@balizero.com
9177,damar@balizero.com
9332,damar@balizero.com
9408,damar@balizero.com
9530,damar@balizero.com
9542,damar@balizero.com
9620,damar@balizero.com
9677,damar@balizero.com
9687,damar@balizero.com
9846,damar@balizero.com
10060,damar@balizero.com
10223,damar@balizero.com
10324,damar@balizero.com
10327,damar@balizero.com
10329,damar@balizero.com
10330,damar@balizero.com
10344,damar@balizero.com
10353,damar@balizero.com
10397,damar@balizero.com
10499,damar@balizero.com
10587,damar@balizero.com
10588,damar@balizero.com
10589,damar@balizero.com
10591,damar@balizero.com
10592,damar@balizero.com
10594,damar@balizero.com
10595,damar@balizero.com
10596,damar@balizero.com
10608,damar@balizero.com
10609,damar@balizero.com
10617,damar@balizero.com
10635,damar@balizero.com
10647,damar@balizero.com
10658,damar@balizero.com
10666,damar@balizero.com
10678,damar@balizero.com
10682,damar@balizero.com
10690,damar@balizero.com
10706,damar@balizero.com
10715,damar@balizero.com
10731,damar@balizero.com
10739,damar@balizero.com
10747,damar@balizero.com
10756,damar@balizero.com
10764,damar@balizero.com
10772,damar@balizero.com
10780,damar@balizero.com
10781,damar@balizero.com
10782,damar@balizero.com
10784,damar@balizero.com
10787,damar@balizero.com
10807,damar@balizero.com
10816,damar@balizero.com
10844,damar@balizero.com
10846,damar@balizero.com
10857,damar@balizero.com
10864,damar@balizero.com
11035,surya@balizero.com
11145,surya@balizero.com
11149,surya@balizero.com
11392,surya@balizero.com
11402,surya@balizero.com
11414,surya@balizero.com
11418,surya@balizero.com
11426,surya@balizero.com
11434,surya@balizero.com
11442,surya@balizero.com
11450,surya@balizero.com
11459,surya@balizero.com
11468,surya@balizero.com
11483,surya@balizero.com
11484,surya@balizero.com
11485,surya@balizero.com
11488,surya@balizero.com
11491,surya@balizero.com
11495,surya@balizero.com
11496,surya@balizero.com
11500,surya@balizero.com
11503,surya@balizero.com
11508,surya@balizero.com
11509,surya@balizero.com
11550,surya@balizero.com
11557,surya@balizero.com
11612,surya@balizero.com
11613,surya@balizero.com
11614,surya@balizero.com
11615,surya@balizero.com
11616,surya@balizero.com
11617,surya@balizero.com
11634,surya@balizero.com
11644,surya@balizero.com
11652,surya@balizero.com
11656,surya@balizero.com
11680,surya@balizero.com
11691,surya@balizero.com
11692,surya@balizero.com
11695,surya@balizero.com
11707,surya@balizero.com
11708,surya@balizero.com
11724,surya@balizero.com
11725,surya@balizero.com
11726,surya@balizero.com
11727,surya@balizero.com
11748,surya@balizero.com
11749,surya@balizero.com
11750,surya@balizero.com
11754,surya@balizero.com
11755,surya@balizero.com
11758,surya@balizero.com
11773,surya@balizero.com
11778,surya@balizero.com
11779,surya@balizero.com
11801,surya@balizero.com
11802,surya@balizero.com
11803,surya@balizero.com
11804,surya@balizero.com
11814,surya@balizero.com
11818,surya@balizero.com
11819,surya@balizero.com
11820,surya@balizero.com
11827,surya@balizero.com
11828,surya@balizero.com
11829,surya@balizero.com
11830,surya@balizero.com
11839,surya@balizero.com
11840,surya@balizero.com
11841,surya@balizero.com
11842,surya@balizero.com
11869,surya@balizero.com
11870,surya@balizero.com
11873,surya@balizero.com
11876,surya@balizero.com
11883,surya@balizero.com
11910,surya@balizero.com
11914,surya@balizero.com
11917,vino@balizero.com
11927,vino@balizero.com
11933,vino@balizero.com
11934,vino@balizero.com
11936,vino@balizero.com
11949,vino@balizero.com
11952,vino@balizero.com
11954,vino@balizero.com
11955,vino@balizero.com
11991,vino@balizero.com
11998,vino@balizero.com
12003,vino@balizero.com
12012,vino@balizero.com
12025,vino@balizero.com
12026,vino@balizero.com
12057,vino@balizero.com
12058,vino@balizero.com
12062,vino@balizero.com
12071,vino@balizero.com
12074,vino@balizero.com
12094,vino@balizero.com
12112,vino@balizero.com
12128,vino@balizero.com
12133,vino@balizero.com
12134,vino@balizero.com
12139,vino@balizero.com
12140,vino@balizero.com
12143,adit@balizero.com
12147,adit@balizero.com
12148,adit@balizero.com
12149,adit@balizero.com
12155,adit@balizero.com
12167,adit@balizero.com
12168,adit@balizero.com
12171,adit@balizero.com
12180,adit@balizero.com
12197,adit@balizero.com
12198,adit@balizero.com
12218,adit@balizero.com
12229,adit@balizero.com
12233,adit@balizero.com
12234,adit@balizero.com
12248,adit@balizero.com
12268,adit@balizero.com
12269,adit@balizero.com
12284,adit@balizero.com
